局數,球序,發球者姓名,比分,勝負,板數,發球者代碼,板序,正反手,己方落點,對方落點,技術,速度,旋轉,長短,變線,階段,得分
1,2,陳夢(RSH),00:02,0,10,X,2,正手,5,2,搓球,弱,下旋,中路短球,左手區->中路區,相持段,1
1,2,陳夢(RSH),00:02,0,10,X,4,反手,3,2,反拉,普通,上旋,反手長球,未變線,相持段,1
1,2,陳夢(RSH),00:02,0,10,X,6,反手,3,2,反拉,普通,上旋,反手長球,未變線,相持段,1
1,2,陳夢(RSH),00:02,0,10,X,8,反手,3,2,反拉,普通,上旋,中路長球,未變線,相持段,1
1,2,陳夢(RSH),00:02,0,10,X,10,正手,2,1,反拉,弱,上旋,正手長球,中路區->反手區,相持段,1
1,3,孫穎莎(RSH),00:03,1,4,Y,1,正手,3,2,低拋式,弱,下旋,中路短球,未變線,發球搶攻段,1
1,3,孫穎莎(RSH),00:03,1,4,Y,3,反手,3,2,反拉,普通,上旋,中路長球,未變線,發球搶攻段,1
1,4,孫穎莎(RSH),00:04,1,9,Y,1,正手,3,5,低拋式,弱,下旋,中路短球,未變線,相持段,1
1,4,孫穎莎(RSH),00:04,1,9,Y,3,正手,4,1,拉球,弱,上旋,正手長球,中路區->反手區,相持段,1
1,4,孫穎莎(RSH),00:04,1,9,Y,5,反手,3,1,擋球,弱,上旋,正手長球,未變線,相持段,1
1,4,孫穎莎(RSH),00:04,1,9,Y,7,反手,3,3,推擠,普通,上旋,反手長球,反手區->左手區,相持段,1
1,4,孫穎莎(RSH),00:04,1,9,Y,9,反手,3,1,推擠,強,上旋,正手長球,左手區->反手區,相持段,1
1,5,陳夢(RSH),01:04,1,6,X,2,反手,3,2,拉球,普通,上旋,反手長球,左手區->中路區,相持段,0
1,5,陳夢(RSH),01:04,1,6,X,4,反手,2,3,拉球,普通,上旋,反手長球,中路區->左手區,相持段,0
1,5,陳夢(RSH),01:04,1,6,X,6,反手,3,0,拉球,普通,上旋,出界,未變線,相持段,0
1,6,陳夢(RSH),02:04,1,9,X,2,反手,5,3,拉球,強,上旋,反手長球,未變線,相持段,0
1,6,陳夢(RSH),02:04,1,9,X,4,反手,2,3,推擠,普通,上旋,反手長球,未變線,相持段,0
1,6,陳夢(RSH),02:04,1,9,X,6,反手,2,2,推擠,普通,上旋,反手長球,左手區->中路區,相持段,0
1,6,陳夢(RSH),02:04,1,9,X,8,正手,1,1,拉球,強,上旋,正手長球,中路區->反手區,相持段,0
1,7,孫穎莎(RSH),02:05,1,9,Y,1,正手,3,2,低拋式,普通,下旋,中路長球,未變線,相持段,1
1,7,孫穎莎(RSH),02:05,1,9,Y,3,反手,2,2,反拉,普通,上旋,中路長球,未變線,相持段,1
1,7,孫穎莎(RSH),02:05,1,9,Y,5,反手,3,1,反拉,普通,上旋,正手長球,中路區->反手區,相持段,1
1,7,孫穎莎(RSH),02:05,1,9,Y,7,正手,2,2,反拉,強,上旋,中路長球,反手區->中路區,相持段,1
1,7,孫穎莎(RSH),02:05,1,9,Y,9,反手,3,1,反拉,強,上旋,正手長球,中路區->反手區,相持段,1
1,8,孫穎莎(RSH),02:06,1,2,Y,1,正手,3,5,低拋式,弱,下旋,中路半出台,未變線,發球搶攻段,1
1,9,陳夢(RSH),03:06,1,4,X,2,正手,4,5,擺短,弱,下旋,中路半出台,左手區->中路區,接發球搶攻段,0
1,9,陳夢(RSH),03:06,1,4,X,4,正手,1,0,擋球,普通,上旋,出界,未變線,接發球搶攻段,0
1,10,陳夢(RSH),03:07,0,5,X,2,反手,3,3,拉球,普通,上旋,反手長球,未變線,相持段,1
1,10,陳夢(RSH),03:07,0,5,X,4,反手,2,2,反拉,強,上旋,中路長球,左手區->中路區,相持段,1
1,11,孫穎莎(RSH),03:08,1,10,Y,1,正手,3,2,低拋式,普通,下旋,中路長球,未變線,相持段,1
1,11,孫穎莎(RSH),03:08,1,10,Y,3,反手,3,2,反拉,強,上旋,中路長球,未變線,相持段,1
1,11,孫穎莎(RSH),03:08,1,10,Y,5,反手,3,2,反拉,普通,上旋,中路長球,未變線,相持段,1
1,11,孫穎莎(RSH),03:08,1,10,Y,7,正手,1,1,反拉,普通,上旋,正手長球,中路區->反手區,相持段,1
1,11,孫穎莎(RSH),03:08,1,10,Y,9,正手,2,1,反拉,普通,上旋,正手長球,未變線,相持段,1
1,12,孫穎莎(RSH),04:08,0,2,Y,1,正手,3,5,低拋式,弱,下旋,中路短球,未變線,發球搶攻段,0
1,13,陳夢(RSH),04:09,0,16,X,2,正手,4,5,擺短,弱,不旋,中路短球,左手區->中路區,相持段,1
1,13,陳夢(RSH),04:09,0,16,X,4,正手,2,3,拉球,強,上旋,反手長球,中路區->左手區,相持段,1
1,13,陳夢(RSH),04:09,0,16,X,6,反手,2,1,拉球,強,上旋,正手長球,左手區->反手區,相持段,1
1,13,陳夢(RSH),04:09,0,16,X,8,反手,3,2,推擠,普通,上旋,中路長球,反手區->中路區,相持段,1
1,13,陳夢(RSH),04:09,0,16,X,10,反手,2,2,反拉,普通,上旋,中路長球,未變線,相持段,1
1,13,陳夢(RSH),04:09,0,16,X,12,反手,3,2,反拉,強,上旋,中路長球,未變線,相持段,1
1,13,陳夢(RSH),04:09,0,16,X,14,反手,2,3,反拉,普通,上旋,反手長球,中路區->左手區,相持段,1
1,13,陳夢(RSH),04:09,0,16,X,16,反手,2,1,反拉,普通,上旋,正手長球,左手區->反手區,相持段,1
1,14,陳夢(RSH),04:10,0,5,X,2,正手,4,5,擺短,弱,不旋,中路短球,左手區->中路區,相持段,1
1,14,陳夢(RSH),04:10,0,5,X,4,正手,2,1,拉球,強,上旋,正手長球,中路區->反手區,相持段,1
1,15,孫穎莎(RSH),04:11,1,5,Y,1,正手,3,3,低拋式,普通,下旋,反手半出台,未變線,相持段,1
1,15,孫穎莎(RSH),04:11,1,5,Y,3,反手,3,2,反拉,普通,上旋,中路長球,左手區->中路區,相持段,1
1,15,孫穎莎(RSH),04:11,1,5,Y,5,反手,2,3,殺球,強,上旋,反手長球,中路區->左手區,相持段,1
2,1,孫穎莎(RSH),1:0,0,5,Y,1,正手,3,2,低拋式,弱,下旋,中路長球,未變線,相持段,0
2,1,孫穎莎(RSH),1:0,0,5,Y,3,反手,2,2,反拉,普通,上旋,中路長球,未變線,相持段,0
2,1,孫穎莎(RSH),1:0,0,5,Y,5,正手,1,0,反拉,普通,上旋,出界,未變線,相持段,0
2,2,孫穎莎(RSH),1:1,1,2,Y,1,正手,3,2,低拋式,弱,下旋,中路長球,未變線,發球搶攻段,1
2,3,陳夢(RSH),2:1,1,2,X,2,反手,2,0,拉球,普通,上旋,出界,未變線,接發球搶攻段,0
2,4,陳夢(RSH),2:2,0,3,X,2,反手,5,5,搓球,弱,下旋,中路半出台,左手區->中路區,接發球搶攻段,1
2,5,孫穎莎(RSH),2:3,1,4,Y,1,正手,3,2,低拋式,普通,下旋,中路長球,未變線,發球搶攻段,1
2,5,孫穎莎(RSH),2:3,1,4,Y,3,反手,3,3,反拉,普通,上旋,反手長球,中路區->左手區,發球搶攻段,1
2,6,孫穎莎(RSH),3:3,0,11,Y,1,正手,3,5,低拋式,弱,下旋,中路短球,未變線,相持段,0
2,6,孫穎莎(RSH),3:3,0,11,Y,3,反手,2,3,反拉,普通,上旋,反手長球,中路區->左手區,相持段,0
2,6,孫穎莎(RSH),3:3,0,11,Y,5,反手,2,2,反拉,普通,上旋,中路長球,左手區->中路區,相持段,0
2,6,孫穎莎(RSH),3:3,0,11,Y,7,正手,1,3,反拉,普通,上旋,反手長球,中路區->左手區,相持段,0
2,6,孫穎莎(RSH),3:3,0,11,Y,9,正手,5,5,拉球,普通,上旋,中路半出台,左手區->中路區,相持段,0
2,6,孫穎莎(RSH),3:3,0,11,Y,11,正手,1,0,反拉,普通,上旋,出界,未變線,相持段,0
2,7,陳夢(RSH),4:3,1,5,X,2,正手,4,5,擺短,弱,下旋,中路短球,左手區->中路區,相持段,0
2,7,陳夢(RSH),4:3,1,5,X,4,正手,5,2,拉球,強,上旋,中路長球,未變線,相持段,0
2,8,陳夢(RSH),5:3,1,8,X,2,正手,4,5,擺短,弱,下旋,中路短球,左手區->中路區,相持段,0
2,8,陳夢(RSH),5:3,1,8,X,4,反手,2,3,拉球,普通,上旋,反手長球,中路區->左手區,相持段,0
2,8,陳夢(RSH),5:3,1,8,X,6,反手,2,3,反拉,普通,上旋,反手長球,未變線,相持段,0
2,8,陳夢(RSH),5:3,1,8,X,8,反手,2,0,反拉,普通,上旋,掛網,未變線,相持段,0
2,9,孫穎莎(RSH),6:3,0,3,Y,1,正手,3,5,低拋式,弱,下旋,中路短球,未變線,發球搶攻段,0
2,9,孫穎莎(RSH),6:3,0,3,Y,3,正手,2,0,反拉,強,上旋,出界,未變線,發球搶攻段,0
2,10,孫穎莎(RSH),6:4,1,6,Y,1,正手,3,5,低拋式,弱,下旋,中路短球,未變線,相持段,1
2,10,孫穎莎(RSH),6:4,1,6,Y,3,正手,5,5,搓球,弱,下旋,中路短球,未變線,相持段,1
2,10,孫穎莎(RSH),6:4,1,6,Y,5,正手,2,1,拉球,普通,上旋,正手長球,中路區->反手區,相持段,1
2,11,陳夢(RSH),7:4,1,8,X,2,正手,4,5,擺短,弱,不旋,中路短球,左手區->中路區,相持段,0
2,11,陳夢(RSH),7:4,1,8,X,4,正手,5,1,拉球,強,上旋,正手長球,中路區->反手區,相持段,0
2,11,陳夢(RSH),7:4,1,8,X,6,正手,2,2,反拉,普通,上旋,中路長球,反手區->中路區,相持段,0
2,11,陳夢(RSH),7:4,1,8,X,8,正手,2,0,反拉,普通,上旋,出界,未變線,相持段,0
2,12,陳夢(RSH),8:4,1,5,X,2,正手,4,2,擺短,弱,下旋,中路長球,左手區->中路區,相持段,0
2,12,陳夢(RSH),8:4,1,5,X,4,反手,2,2,反拉,普通,上旋,中路長球,未變線,相持段,0
2,13,孫穎莎(RSH),9:4,0,7,Y,1,正手,3,5,低拋式,弱,下旋,中路短球,未變線,相持段,0
2,13,孫穎莎(RSH),9:4,0,7,Y,3,正手,3,2,拉球,強,上旋,中路長球,未變線,相持段,0
2,13,孫穎莎(RSH),9:4,0,7,Y,5,反手,5,2,拉球,普通,上旋,中路長球,未變線,相持段,0
2,13,孫穎莎(RSH),9:4,0,7,Y,7,反手,3,0,拉球,普通,上旋,掛網,未變線,相持段,0
2,14,孫穎莎(RSH),9:5,1,8,Y,1,正手,3,4,低拋式,普通,下旋,正手短球,未變線,相持段,1
2,14,孫穎莎(RSH),9:5,1,8,Y,3,反手,2,3,拉球,普通,上旋,反手長球,反手區->左手區,相持段,1
2,14,孫穎莎(RSH),9:5,1,8,Y,5,反手,2,2,反拉,普通,上旋,中路長球,左手區->中路區,相持段,1
2,14,孫穎莎(RSH),9:5,1,8,Y,7,正手,1,5,反拉,普通,上旋,正手長球,未變線,相持段,1
2,15,陳夢(RSH),9:6,0,4,X,2,正手,5,5,擺短,弱,下旋,中路短球,左手區->中路區,接發球搶攻段,1
2,15,陳夢(RSH),9:6,0,4,X,4,反手,3,1,拉球,普通,上旋,正手長球,中路區->反手區,接發球搶攻段,1
2,16,陳夢(RSH),10:6,1,10,X,2,正手,2,2,拉球,普通,上旋,中路長球,左手區->中路區,相持段,0
2,16,陳夢(RSH),10:6,1,10,X,4,正手,2,2,快帶,普通,上旋,中路長球,未變線,相持段,0
2,16,陳夢(RSH),10:6,1,10,X,6,正手,2,1,反拉,普通,上旋,正手長球,中路區->反手區,相持段,0
2,16,陳夢(RSH),10:6,1,10,X,8,反手,2,1,反拉,普通,上旋,正手長球,未變線,相持段,0
2,17,孫穎莎(RSH),10:7,1,18,Y,1,正手,3,2,低拋式,弱,下旋,中路長球,未變線,相持段,1
2,17,孫穎莎(RSH),10:7,1,18,Y,3,反手,3,2,反拉,普通,上旋,中路長球,未變線,相持段,1
2,17,孫穎莎(RSH),10:7,1,18,Y,5,反手,2,3,反拉,強,上旋,反手長球,中路區->左手區,相持段,1
2,17,孫穎莎(RSH),10:7,1,18,Y,7,反手,2,2,反拉,普通,上旋,中路長球,左手區->中路區,相持段,1
2,17,孫穎莎(RSH),10:7,1,18,Y,9,反手,2,3,反拉,普通,上旋,反手長球,中路區->左手區,相持段,1
2,17,孫穎莎(RSH),10:7,1,18,Y,11,反手,3,3,反拉,普通,上旋,反手長球,未變線,相持段,1
2,17,孫穎莎(RSH),10:7,1,18,Y,13,反手,2,3,反拉,普通,上旋,反手長球,未變線,相持段,1
2,17,孫穎莎(RSH),10:7,1,18,Y,15,反手,3,2,反拉,普通,上旋,反手長球,左手區->中路區,相持段,1
2,17,孫穎莎(RSH),10:7,1,18,Y,17,正手,2,1,反拉,普通,上旋,正手長球,中路區->反手區,相持段,1
2,18,孫穎莎(RSH),11:7,0,7,Y,1,正手,3,5,低拋式,弱,下旋,中路短球,未變線,相持段,0
2,18,孫穎莎(RSH),11:7,0,7,Y,3,反手,2,2,拉球,普通,上旋,中路長球,未變線,相持段,0
2,18,孫穎莎(RSH),11:7,0,7,Y,5,正手,1,1,反拉,強,上旋,正手長球,中路區->反手區,相持段,0
3,1,陳夢(RSH),1:0,1,2,X,2,正手,4,0,擺短,弱,下旋,掛網,未變線,接發球搶攻段,0
3,2,陳夢(RSH),2:0,1,8,X,2,正手,4,5,擺短,弱,下旋,中路半出台,左手區->中路區,相持段,0
3,2,陳夢(RSH),2:0,1,8,X,4,反手,2,2,推擠,普通,上旋,中路長球,未變線,相持段,0
3,2,陳夢(RSH),2:0,1,8,X,6,反手,3,2,反拉,普通,上旋,中路長球,未變線,相持段,0
3,2,陳夢(RSH),2:0,1,8,X,8,反手,3,0,反拉,普通,上旋,出界,未變線,相持段,0
3,3,孫穎莎(RSH),3:0,0,11,Y,1,正手,3,5,低拋式,弱,下旋,反手半出台,未變線,相持段,0
3,3,孫穎莎(RSH),3:0,0,11,Y,3,反手,2,2,反拉,強,上旋,中路長球,未變線,相持段,0
3,3,孫穎莎(RSH),3:0,0,11,Y,5,正手,1,2,拉球,普通,上旋,反手長球,未變線,相持段,0
3,3,孫穎莎(RSH),3:0,0,11,Y,7,正手,2,3,反拉,普通,上旋,反手長球,中路區->左手區,相持段,0
3,3,孫穎莎(RSH),3:0,0,11,Y,9,反手,2,2,反拉,普通,上旋,中路長球,左手區->中路區,相持段,0
3,3,孫穎莎(RSH),3:0,0,11,Y,11,正手,1,0,反拉,普通,上旋,掛網,未變線,相持段,0
3,4,孫穎莎(RSH),3:1,1,4,Y,1,正手,3,5,低拋式,弱,下旋,中路短球,未變線,發球搶攻段,1
3,4,孫穎莎(RSH),3:1,1,4,Y,3,正手,4,2,殺球,普通,上旋,中路長球,未變線,發球搶攻段,1
3,5,陳夢(RSH),3:2,0,5,X,2,正手,5,5,擺短,弱,下旋,中路短球,左手區->中路區,相持段,1
3,5,陳夢(RSH),3:2,0,5,X,4,反手,2,2,反拉,普通,上旋,中路長球,未變線,相持段,1
3,6,陳夢(RSH),3:3,0,9,X,2,正手,4,5,擺短,弱,下旋,中路短球,未變線,相持段,1
3,6,陳夢(RSH),3:3,0,9,X,4,反手,3,2,搓球,弱,下旋,中路長球,未變線,相持段,1
3,6,陳夢(RSH),3:3,0,9,X,6,反手,3,2,推擠,普通,上旋,中路長球,未變線,相持段,1
3,6,陳夢(RSH),3:3,0,9,X,8,正手,2,1,反拉,普通,上旋,正手長球,中路區->反手區,相持段,1
3,7,孫穎莎(RSH),4:3,0,3,Y,1,正手,3,4,低拋式,普通,下旋,正手短球,未變線,發球搶攻段,0
3,7,孫穎莎(RSH),4:3,0,3,Y,3,正手,3,0,拉球,強,上旋,出界,未變線,發球搶攻段,0
3,8,孫穎莎(RSH),5:3,0,11,Y,1,正手,3,5,低拋式,弱,下旋,中路半出台,未變線,相持段,0
3,8,孫穎莎(RSH),5:3,0,11,Y,3,反手,2,2,反拉,普通,上旋,中路長球,未變線,相持段,0
3,8,孫穎莎(RSH),5:3,0,11,Y,5,正手,1,1,反拉,普通,上旋,正手長球,中路區->反手區,相持段,0
3,8,孫穎莎(RSH),5:3,0,11,Y,7,反手,3,2,反拉,普通,上旋,中路長球,反手區->中路區,相持段,0
3,8,孫穎莎(RSH),5:3,0,11,Y,9,反手,3,2,反拉,普通,上旋,中路長球,未變線,相持段,0
3,8,孫穎莎(RSH),5:3,0,11,Y,11,正手,2,0,快帶,普通,上旋,出界,未變線,相持段,0
3,9,陳夢(RSH),6:3,1,18,X,2,正手,5,5,擺短,弱,下旋,中路短球,左手區->中路區,相持段,0
3,9,陳夢(RSH),6:3,1,18,X,4,正手,3,3,拉球,普通,上旋,反手長球,中路區->左手區,相持段,0
3,9,陳夢(RSH),6:3,1,18,X,6,反手,2,1,反拉,普通,上旋,正手長球,左手區->反手區,相持段,0
3,9,陳夢(RSH),6:3,1,18,X,8,反手,2,2,反拉,普通,上旋,中路長球,反手區->中路區,相持段,0
3,9,陳夢(RSH),6:3,1,18,X,10,正手,1,1,拉球,強,上旋,正手長球,中路區->反手區,相持段,0
3,9,陳夢(RSH),6:3,1,18,X,12,反手,2,1,反拉,普通,上旋,正手長球,未變線,相持段,0
3,9,陳夢(RSH),6:3,1,18,X,14,反手,3,3,反拉,普通,上旋,反手長球,反手區->左手區,相持段,0
3,9,陳夢(RSH),6:3,1,18,X,16,反手,2,2,反拉,普通,上旋,中路長球,左手區->中路區,相持段,0
3,9,陳夢(RSH),6:3,1,18,X,18,正手,1,0,反拉,普通,上旋,出界,未變線,相持段,0
3,10,陳夢(RSH),7:3,1,6,X,2,正手,4,5,擺短,弱,下旋,中路半出台,左手區->中路區,相持段,0
3,10,陳夢(RSH),7:3,1,6,X,4,反手,6,3,拉球,普通,上旋,反手長球,中路區->左手區,相持段,0
3,10,陳夢(RSH),7:3,1,6,X,6,反手,2,0,反拉,普通,上旋,出界,未變線,相持段,0
3,11,孫穎莎(RSH),8:3,0,9,Y,1,正手,3,2,低拋式,弱,下旋,中路半出台,未變線,相持段,0
3,11,孫穎莎(RSH),8:3,0,9,Y,3,反手,2,2,推擠,普通,上旋,中路長球,未變線,相持段,0
3,11,孫穎莎(RSH),8:3,0,9,Y,5,反手,3,5,反拉,普通,上旋,中路半出台,未變線,相持段,0
3,11,孫穎莎(RSH),8:3,0,9,Y,7,正手,2,1,反拉,普通,上旋,正手長球,中路區->反手區,相持段,0
3,11,孫穎莎(RSH),8:3,0,9,Y,9,正手,2,0,反拉,普通,上旋,出界,未變線,相持段,0
3,12,孫穎莎(RSH),8:4,1,4,Y,1,正手,3,5,低拋式,普通,下旋,中路短球,未變線,發球搶攻段,1
3,12,孫穎莎(RSH),8:4,1,4,Y,3,反手,2,2,反拉,普通,上旋,中路長球,未變線,發球搶攻段,1
3,13,陳夢(RSH),9:4,1,10,X,2,反手,3,2,拉球,普通,上旋,反手長球,左手區->中路區,相持段,0
3,13,陳夢(RSH),9:4,1,10,X,4,反手,2,3,反拉,普通,上旋,反手長球,中路區->左手區,相持段,0
3,13,陳夢(RSH),9:4,1,10,X,6,反手,3,2,反拉,普通,上旋,中路長球,左手區->中路區,相持段,0
3,13,陳夢(RSH),9:4,1,10,X,8,反手,2,2,反拉,普通,上旋,中路長球,未變線,相持段,0
3,13,陳夢(RSH),9:4,1,10,X,10,正手,1,0,反拉,普通,上旋,出界,未變線,相持段,0
3,14,陳夢(RSH),10:4,1,12,X,2,反手,3,5,拉球,普通,上旋,中路長球,左手區->中路區,相持段,0
3,14,陳夢(RSH),10:4,1,12,X,4,反手,3,1,反拉,普通,上旋,正手長球,中路區->反手區,相持段,0
3,14,陳夢(RSH),10:4,1,12,X,6,反手,3,2,反拉,普通,上旋,中路長球,反手區->中路區,相持段,0
3,14,陳夢(RSH),10:4,1,12,X,8,反手,3,2,反拉,普通,上旋,中路長球,未變線,相持段,0
3,14,陳夢(RSH),10:4,1,12,X,10,反手,3,2,反拉,普通,上旋,中路長球,未變線,相持段,0
3,14,陳夢(RSH),10:4,1,12,X,12,正手,1,0,反拉,普通,上旋,出界,未變線,相持段,0
3,15,孫穎莎(RSH),11:4,0,17,Y,1,正手,3,6,低拋式,弱,下旋,反手短球,未變線,相持段,0
3,15,孫穎莎(RSH),11:4,0,17,Y,3,正手,4,4,擺短,普通,下旋,正手短球,左手區->反手區,相持段,0
3,15,孫穎莎(RSH),11:4,0,17,Y,5,正手,2,5,擋球,普通,上旋,中路半出台,反手區->中路區,相持段,0
3,15,孫穎莎(RSH),11:4,0,17,Y,7,正手,1,1,放高,普通,上旋,正手長球,中路區->反手區,相持段,0
3,15,孫穎莎(RSH),11:4,0,17,Y,9,反手,2,2,放高,普通,上旋,中路長球,反手區->中路區,相持段,0
3,15,孫穎莎(RSH),11:4,0,17,Y,11,反手,3,1,放高,普通,上旋,正手長球,中路區->反手區,相持段,0
3,15,孫穎莎(RSH),11:4,0,17,Y,13,反手,6,3,放高,普通,上旋,反手長球,反手區->左手區,相持段,0
3,15,孫穎莎(RSH),11:4,0,17,Y,15,反手,5,2,放高,普通,上旋,中路長球,左手區->中路區,相持段,0
3,15,孫穎莎(RSH),11:4,0,17,Y,17,反手,3,0,放高,普通,上旋,出界,未變線,相持段,0
4,1,孫穎莎(RSH),0:1,1,5,Y,1,正手,3,4,低拋式,弱,下旋,正手短球,未變線,相持段,1
4,1,孫穎莎(RSH),0:1,1,5,Y,3,正手,2,2,拉球,強,上旋,中路長球,反手區->中路區,相持段,1
4,1,孫穎莎(RSH),0:1,1,5,Y,5,正手,3,2,拉球,強,上旋,中路長球,未變線,相持段,1
4,2,孫穎莎(RSH),0:2,1,6,Y,1,正手,3,2,低拋式,弱,下旋,中路半出台,未變線,相持段,1
4,2,孫穎莎(RSH),0:2,1,6,Y,3,反手,2,2,反拉,普通,上旋,中路長球,未變線,相持段,1
4,2,孫穎莎(RSH),0:2,1,6,Y,5,反手,2,3,反拉,普通,上旋,反手長球,中路區->左手區,相持段,1
4,3,陳夢(RSH),1:2,1,12,X,2,正手,5,2,擺短,弱,下旋,中路長球,左手區->中路區,相持段,0
4,3,陳夢(RSH),1:2,1,12,X,4,反手,3,2,擋球,普通,上旋,中路長球,未變線,相持段,0
4,3,陳夢(RSH),1:2,1,12,X,6,正手,2,2,反拉,普通,上旋,中路長球,未變線,相持段,0
4,3,陳夢(RSH),1:2,1,12,X,8,正手,2,1,反拉,普通,上旋,正手長球,中路區->反手區,相持段,0
4,3,陳夢(RSH),1:2,1,12,X,10,反手,2,2,反拉,普通,上旋,中路長球,反手區->中路區,相持段,0
4,3,陳夢(RSH),1:2,1,12,X,12,反手,3,0,殺球,強,上旋,掛網,未變線,相持段,0
4,4,陳夢(RSH),2:2,1,9,X,2,正手,4,5,擺短,弱,下旋,中路短球,左手區->中路區,相持段,0
4,4,陳夢(RSH),2:2,1,9,X,4,正手,5,2,搓球,普通,下旋,中路長球,未變線,相持段,0
4,4,陳夢(RSH),2:2,1,9,X,6,反手,3,3,反拉,普通,上旋,反手長球,中路區->左手區,相持段,0
4,4,陳夢(RSH),2:2,1,9,X,8,反手,2,2,反拉,普通,上旋,中路長球,左手區->中路區,相持段,0
4,5,孫穎莎(RSH),2:3,1,6,Y,1,正手,3,5,低拋式,弱,下旋,中路短球,未變線,相持段,1
4,5,孫穎莎(RSH),2:3,1,6,Y,3,反手,5,2,拉球,普通,上旋,中路長球,未變線,相持段,1
4,5,孫穎莎(RSH),2:3,1,6,Y,5,反手,3,2,反拉,普通,上旋,中路長球,未變線,相持段,1
4,6,孫穎莎(RSH),2:4,1,3,Y,1,正手,3,2,低拋式,弱,下旋,中路長球,未變線,發球搶攻段,1
4,6,孫穎莎(RSH),2:4,1,3,Y,3,反手,3,3,反拉,普通,上旋,反手長球,中路區->左手區,發球搶攻段,1
4,7,陳夢(RSH),3:4,1,4,X,2,正手,4,2,擺短,普通,下旋,中路長球,左手區->中路區,接發球搶攻段,0
4,7,陳夢(RSH),3:4,1,4,X,4,反手,2,0,推擠,普通,上旋,掛網,未變線,接發球搶攻段,0
4,8,陳夢(RSH),3:5,0,5,X,2,正手,4,5,擺短,弱,下旋,中路短球,左手區->中路區,相持段,1
4,8,陳夢(RSH),3:5,0,5,X,4,反手,3,3,拉球,強,上旋,反手長球,中路區->左手區,相持段,1
4,9,孫穎莎(RSH),4:5,0,4,Y,1,正手,3,2,低拋式,弱,下旋,中路長球,未變線,發球搶攻段,0
4,9,孫穎莎(RSH),4:5,0,4,Y,3,正手,2,2,反拉,普通,上旋,中路長球,未變線,發球搶攻段,0
4,10,孫穎莎(RSH),5:5,0,7,Y,1,正手,3,6,低拋式,弱,下旋,反手半出台,未變線,相持段,0
4,10,孫穎莎(RSH),5:5,0,7,Y,3,反手,3,2,反拉,普通,上旋,中路長球,左手區->中路區,相持段,0
4,10,孫穎莎(RSH),5:5,0,7,Y,5,正手,1,2,快帶,普通,上旋,中路長球,未變線,相持段,0
4,10,孫穎莎(RSH),5:5,0,7,Y,7,反手,3,0,反拉,普通,上旋,出界,未變線,相持段,0
4,11,陳夢(RSH),5:6,0,15,X,2,正手,5,3,拉球,普通,上旋,反手長球,未變線,相持段,1
4,11,陳夢(RSH),5:6,0,15,X,4,反手,2,2,反拉,普通,上旋,中路長球,左手區->中路區,相持段,1
4,11,陳夢(RSH),5:6,0,15,X,6,反手,3,2,反拉,普通,上旋,中路長球,未變線,相持段,1
4,11,陳夢(RSH),5:6,0,15,X,8,反手,2,3,反拉,普通,上旋,反手長球,中路區->左手區,相持段,1
4,11,陳夢(RSH),5:6,0,15,X,10,反手,2,3,拉球,普通,上旋,反手長球,未變線,相持段,1
4,11,陳夢(RSH),5:6,0,15,X,12,反手,3,2,反拉,普通,上旋,中路長球,左手區->中路區,相持段,1
4,11,陳夢(RSH),5:6,0,15,X,14,反手,3,2,反拉,普通,上旋,中路長球,未變線,相持段,1
4,12,陳夢(RSH),5:7,0,9,X,2,反手,5,5,搓球,弱,下旋,中路短球,左手區->中路區,相持段,1
4,12,陳夢(RSH),5:7,0,9,X,4,反手,3,3,拉球,普通,上旋,反手長球,中路區->左手區,相持段,1
4,12,陳夢(RSH),5:7,0,9,X,6,反手,2,2,反拉,普通,上旋,中路長球,左手區->中路區,相持段,1
4,12,陳夢(RSH),5:7,0,9,X,8,反手,2,3,反拉,普通,上旋,反手長球,中路區->左手區,相持段,1
4,13,孫穎莎(RSH),5:8,1,4,Y,1,正手,3,5,低拋式,弱,下旋,中路短球,未變線,發球搶攻段,1
4,13,孫穎莎(RSH),5:8,1,4,Y,3,反手,2,2,拉球,普通,上旋,中路長球,未變線,發球搶攻段,1
4,14,孫穎莎(RSH),5:9,1,7,Y,1,正手,3,4,低拋式,弱,下旋,正手短球,未變線,相持段,1
4,14,孫穎莎(RSH),5:9,1,7,Y,3,正手,5,1,拉球,強,上旋,正手長球,未變線,相持段,1
4,14,孫穎莎(RSH),5:9,1,7,Y,5,正手,2,1,反拉,普通,上旋,正手長球,未變線,相持段,1
4,14,孫穎莎(RSH),5:9,1,7,Y,7,正手,2,1,反拉,普通,上旋,正手長球,未變線,相持段,1
4,15,陳夢(RSH),05:10,0,5,X,2,反手,2,3,拉球,普通,上旋,反手長球,中路區->左手區,相持段,1
4,15,陳夢(RSH),05:10,0,5,X,4,正手,1,2,反拉,普通,上旋,正手長球,左手區->中路區,相持段,1
4,16,陳夢(RSH),06:10,1,4,X,2,正手,4,2,擺短,弱,下旋,中路半出台,未變線,接發球搶攻段,0
4,16,陳夢(RSH),06:10,1,4,X,4,反手,2,0,擋球,弱,上旋,掛網,未變線,接發球搶攻段,0
4,17,孫穎莎(RSH),07:10,0,4,Y,1,正手,3,4,低拋式,弱,下旋,正手短球,未變線,發球搶攻段,0
4,17,孫穎莎(RSH),07:10,0,4,Y,3,反手,2,2,拉球,普通,上旋,中路長球,反手區->中路區,發球搶攻段,0
4,18,孫穎莎(RSH),08:10,0,3,Y,1,正手,3,2,低拋式,普通,下旋,中路長球,未變線,發球搶攻段,0
4,18,孫穎莎(RSH),08:10,0,3,Y,3,反手,3,0,反拉,普通,上旋,出界,未變線,發球搶攻段,0
4,19,陳夢(RSH),09:10,1,2,X,2,正手,5,0,搓球,普通,下旋,出界,未變線,接發球搶攻段,0
4,20,陳夢(RSH),09:11,0,3,X,2,正手,4,2,搓球,普通,下旋,中路長球,左手區->中路區,接發球搶攻段,1
5,1,陳夢(RSH),0:1,0,3,X,2,正手,5,2,拉球,普通,上旋,中路長球,左手區->中路區,接發球搶攻段,1
5,2,陳夢(RSH),1:1,1,4,X,2,正手,5,2,擺短,弱,下旋,中路半出台,左手區->中路區,接發球搶攻段,0
5,2,陳夢(RSH),1:1,1,4,X,4,正手,1,0,反拉,普通,上旋,出界,未變線,接發球搶攻段,0
5,3,孫穎莎(RSH),2:1,0,5,Y,1,正手,3,5,低拋式,弱,下旋,中路短球,未變線,相持段,0
5,3,孫穎莎(RSH),2:1,0,5,Y,3,反手,2,2,拉球,普通,上旋,中路長球,未變線,相持段,0
5,3,孫穎莎(RSH),2:1,0,5,Y,5,反手,3,0,拉球,普通,上旋,掛網,未變線,相持段,0
5,4,孫穎莎(RSH),3:1,0,23,Y,1,正手,3,5,低拋式,普通,下旋,中路短球,未變線,相持段,0
5,4,孫穎莎(RSH),3:1,0,23,Y,3,正手,4,2,拉球,強,上旋,中路長球,未變線,相持段,0
5,4,孫穎莎(RSH),3:1,0,23,Y,5,反手,2,3,拉球,普通,上旋,反手長球,中路區->左手區,相持段,0
5,4,孫穎莎(RSH),3:1,0,23,Y,7,反手,3,2,反拉,普通,上旋,中路長球,左手區->中路區,相持段,0
5,4,孫穎莎(RSH),3:1,0,23,Y,9,反手,3,2,反拉,普通,上旋,中路長球,未變線,相持段,0
5,4,孫穎莎(RSH),3:1,0,23,Y,11,反手,3,2,反拉,普通,上旋,中路長球,未變線,相持段,0
5,4,孫穎莎(RSH),3:1,0,23,Y,13,反手,2,2,反拉,普通,上旋,中路長球,未變線,相持段,0
5,4,孫穎莎(RSH),3:1,0,23,Y,15,反手,2,2,反拉,普通,上旋,中路長球,未變線,相持段,0
5,4,孫穎莎(RSH),3:1,0,23,Y,17,反手,3,3,擋球,普通,上旋,反手長球,中路區->左手區,相持段,0
5,4,孫穎莎(RSH),3:1,0,23,Y,19,正手,2,1,反拉,普通,上旋,正手長球,左手區->反手區,相持段,0
5,4,孫穎莎(RSH),3:1,0,23,Y,21,反手,2,3,反拉,普通,上旋,中路長球,反手區->左手區,相持段,0
5,4,孫穎莎(RSH),3:1,0,23,Y,23,反手,3,0,反拉,普通,上旋,掛網,未變線,相持段,0
5,5,陳夢(RSH),3:2,0,5,X,2,反手,3,2,搓球,弱,下旋,中路半出台,左手區->中路區,相持段,1
5,5,陳夢(RSH),3:2,0,5,X,4,正手,2,1,反拉,強,上旋,正手長球,中路區->反手區,相持段,1
5,6,陳夢(RSH),3:3,0,5,X,2,反手,5,3,拉球,普通,上旋,反手長球,未變線,相持段,1
5,6,陳夢(RSH),3:3,0,5,X,4,反手,2,2,反拉,普通,上旋,中路長球,左手區->中路區,相持段,1
5,7,孫穎莎(RSH),3:4,1,6,Y,1,正手,3,4,低拋式,弱,下旋,正手半出台,未變線,相持段,1
5,7,孫穎莎(RSH),3:4,1,6,Y,3,反手,3,2,反拉,普通,上旋,中路長球,反手區->中路區,相持段,1
5,7,孫穎莎(RSH),3:4,1,6,Y,5,反手,3,2,反拉,普通,上旋,中路長球,未變線,相持段,1
5,8,孫穎莎(RSH),3:5,1,6,Y,1,正手,3,2,低拋式,普通,下旋,中路長球,未變線,相持段,1
5,8,孫穎莎(RSH),3:5,1,6,Y,3,反手,3,2,反拉,普通,上旋,中路長球,未變線,相持段,1
5,8,孫穎莎(RSH),3:5,1,6,Y,5,反手,4,3,搓球,普通,下旋,反手長球,中路區->左手區,相持段,1
5,9,陳夢(RSH),4:5,1,4,X,2,正手,5,4,擺短,弱,下旋,正手半出台,左手區->反手區,接發球搶攻段,0
5,9,陳夢(RSH),4:5,1,4,X,4,正手,6,0,反拉,普通,上旋,出界,未變線,接發球搶攻段,0
5,10,陳夢(RSH),5:5,1,10,X,2,正手,5,2,搓球,弱,下旋,中路半出台,左手區->中路區,相持段,0
5,10,陳夢(RSH),5:5,1,10,X,4,反手,2,2,反拉,普通,上旋,中路長球,未變線,相持段,0
5,10,陳夢(RSH),5:5,1,10,X,6,反手,3,3,反拉,普通,上旋,反手長球,中路區->左手區,相持段,0
5,10,陳夢(RSH),5:5,1,10,X,8,正手,2,1,反拉,普通,上旋,正手長球,左手區->反手區,相持段,0
5,10,陳夢(RSH),5:5,1,10,X,10,反手,2,0,反拉,普通,上旋,掛網,未變線,相持段,0
5,11,孫穎莎(RSH),6:5,0,11,Y,1,正手,3,5,低拋式,普通,下旋,中路短球,未變線,相持段,0
5,11,孫穎莎(RSH),6:5,0,11,Y,3,反手,2,2,反拉,普通,上旋,中路長球,未變線,相持段,0
5,11,孫穎莎(RSH),6:5,0,11,Y,5,正手,1,2,反拉,普通,上旋,中路長球,未變線,相持段,0
5,11,孫穎莎(RSH),6:5,0,11,Y,7,反手,2,3,反拉,普通,上旋,反手長球,中路區->左手區,相持段,0
5,11,孫穎莎(RSH),6:5,0,11,Y,9,正手,1,2,反拉,普通,上旋,中路長球,左手區->中路區,相持段,0
5,11,孫穎莎(RSH),6:5,0,11,Y,11,正手,2,0,快帶,普通,上旋,掛網,未變線,相持段,0
5,12,孫穎莎(RSH),6:6,1,8,Y,1,正手,3,5,低拋式,弱,下旋,中路短球,未變線,相持段,1
5,12,孫穎莎(RSH),6:6,1,8,Y,3,反手,2,2,反拉,普通,上旋,中路長球,未變線,相持段,1
5,12,孫穎莎(RSH),6:6,1,8,Y,5,正手,2,2,反拉,強,上旋,中路長球,未變線,相持段,1
5,12,孫穎莎(RSH),6:6,1,8,Y,7,反手,3,3,殺球,強,上旋,反手長球,中路區->左手區,相持段,1
5,13,陳夢(RSH),6:7,0,11,X,2,正手,4,5,擺短,弱,下旋,中路短球,左手區->中路區,相持段,1
5,13,陳夢(RSH),6:7,0,11,X,4,反手,3,2,拉球,普通,上旋,中路長球,未變線,相持段,1
5,13,陳夢(RSH),6:7,0,11,X,6,正手,1,2,反拉,普通,上旋,中路長球,未變線,相持段,1
5,13,陳夢(RSH),6:7,0,11,X,8,正手,2,2,殺球,強,上旋,中路長球,未變線,相持段,1
5,13,陳夢(RSH),6:7,0,11,X,10,正手,2,1,殺球,弱,上旋,正手長球,中路區->反手區,相持段,1
5,14,陳夢(RSH),7:7,1,8,X,2,反手,5,5,搓球,弱,下旋,中路半出台,左手區->中路區,相持段,0
5,14,陳夢(RSH),7:7,1,8,X,4,正手,2,2,反拉,普通,上旋,中路長球,未變線,相持段,0
5,14,陳夢(RSH),7:7,1,8,X,6,反手,3,2,反拉,普通,上旋,中路長球,未變線,相持段,0
5,14,陳夢(RSH),7:7,1,8,X,8,正手,2,0,反拉,普通,上旋,出界,未變線,相持段,0
5,15,孫穎莎(RSH),7:8,1,5,Y,1,正手,3,2,低拋式,弱,下旋,中路長球,未變線,相持段,1
5,15,孫穎莎(RSH),7:8,1,5,Y,3,反手,2,3,反拉,普通,上旋,反手長球,中路區->左手區,相持段,1
5,16,孫穎莎(RSH),7:9,1,4,Y,1,正手,3,5,低拋式,弱,下旋,中路半出台,未變線,發球搶攻段,1
5,16,孫穎莎(RSH),7:9,1,4,Y,3,反手,3,2,反拉,強,上旋,中路長球,未變線,發球搶攻段,1
5,17,陳夢(RSH),8:9,1,2,X,2,正手,2,0,拉球,普通,上旋,掛網,未變線,接發球搶攻段,0
5,18,陳夢(RSH),9:9,1,4,X,2,反手,3,2,拉球,普通,上旋,中路長球,左手區->中路區,接發球搶攻段,0
5,18,陳夢(RSH),9:9,1,4,X,4,反手,3,0,反拉,普通,上旋,掛網,未變線,接發球搶攻段,0
5,19,孫穎莎(RSH),10:9,0,9,Y,1,正手,3,5,低拋式,弱,下旋,中路半出台,未變線,相持段,0
5,19,孫穎莎(RSH),10:9,0,9,Y,3,反手,2,2,反拉,普通,上旋,中路長球,未變線,相持段,0
5,19,孫穎莎(RSH),10:9,0,9,Y,5,正手,2,2,反拉,普通,上旋,中路長球,未變線,相持段,0
5,19,孫穎莎(RSH),10:9,0,9,Y,7,反手,2,3,反拉,強,上旋,反手長球,中路區->左手區,相持段,0
5,19,孫穎莎(RSH),10:9,0,9,Y,9,正手,2,0,反拉,普通,上旋,掛網,未變線,相持段,0
5,20,孫穎莎(RSH),11:9,0,5,Y,1,正手,3,5,低拋式,弱,下旋,中路短球,未變線,相持段,0
5,20,孫穎莎(RSH),11:9,0,5,Y,3,反手,3,2,拉球,普通,上旋,中路長球,未變線,相持段,0
5,20,孫穎莎(RSH),11:9,0,5,Y,5,反手,3,0,反拉,普通,上旋,出界,未變線,相持段,0
6,1,孫穎莎(RSH),0:1,1,8,Y,1,正手,3,4,低拋式,普通,下旋,正手短球,未變線,相持段,1
6,1,孫穎莎(RSH),0:1,1,8,Y,3,正手,1,1,拉球,強,上旋,正手長球,未變線,相持段,1
6,1,孫穎莎(RSH),0:1,1,8,Y,5,正手,2,2,拉球,強,上旋,中路長球,反手區->中路區,相持段,1
6,1,孫穎莎(RSH),0:1,1,8,Y,7,正手,1,5,反拉,強,上旋,正手長球,未變線,相持段,1
6,2,孫穎莎(RSH),0:2,1,2,Y,1,正手,3,5,低拋式,弱,下旋,中路短球,未變線,發球搶攻段,1
6,3,陳夢(RSH),0:3,0,3,X,2,反手,5,3,拉球,普通,上旋,反手長球,未變線,接發球搶攻段,1
6,4,陳夢(RSH),1:3,1,2,X,2,正手,5,0,擺短,弱,下旋,掛網,未變線,接發球搶攻段,0
6,5,孫穎莎(RSH),2:3,0,9,Y,1,正手,3,2,低拋式,普通,下旋,中路長球,未變線,相持段,0
6,5,孫穎莎(RSH),2:3,0,9,Y,3,反手,2,2,反拉,普通,上旋,中路長球,未變線,相持段,0
6,5,孫穎莎(RSH),2:3,0,9,Y,5,反手,2,2,反拉,普通,上旋,中路長球,未變線,相持段,0
6,5,孫穎莎(RSH),2:3,0,9,Y,7,反手,3,2,反拉,普通,上旋,中路長球,未變線,相持段,0
6,5,孫穎莎(RSH),2:3,0,9,Y,9,反手,2,0,反拉,普通,上旋,出界,未變線,相持段,0
6,6,孫穎莎(RSH),2:4,1,4,Y,1,正手,3,5,低拋式,弱,下旋,中路短球,未變線,發球搶攻段,1
6,6,孫穎莎(RSH),2:4,1,4,Y,3,正手,4,1,拉球,普通,上旋,正手長球,中路區->反手區,發球搶攻段,1
6,7,陳夢(RSH),3:4,1,16,X,2,正手,4,5,擺短,弱,下旋,中路短球,左手區->中路區,相持段,0
6,7,陳夢(RSH),3:4,1,16,X,4,正手,5,2,搓球,弱,下旋,中路長球,未變線,相持段,0
6,7,陳夢(RSH),3:4,1,16,X,6,正手,1,1,反拉,強,上旋,正手長球,中路區->反手區,相持段,0
6,7,陳夢(RSH),3:4,1,16,X,8,反手,3,2,快帶,普通,上旋,中路長球,反手區->中路區,相持段,0
6,7,陳夢(RSH),3:4,1,16,X,10,反手,3,2,反拉,普通,上旋,中路長球,未變線,相持段,0
6,7,陳夢(RSH),3:4,1,16,X,12,反手,2,2,反拉,普通,上旋,中路長球,未變線,相持段,0
6,7,陳夢(RSH),3:4,1,16,X,14,正手,1,2,反拉,普通,上旋,正手長球,未變線,相持段,0
6,7,陳夢(RSH),3:4,1,16,X,16,正手,2,0,快帶,普通,上旋,出界,未變線,相持段,0
6,8,陳夢(RSH),4:4,1,2,X,2,反手,3,0,拉球,普通,上旋,出界,未變線,接發球搶攻段,0
6,9,孫穎莎(RSH),4:5,1,2,Y,1,正手,3,2,低拋式,普通,下旋,中路長球,未變線,發球搶攻段,1
6,10,孫穎莎(RSH),5:5,0,3,Y,1,正手,3,5,低拋式,弱,下旋,中路短球,未變線,發球搶攻段,0
6,10,孫穎莎(RSH),5:5,0,3,Y,3,反手,2,0,反拉,普通,上旋,掛網,未變線,發球搶攻段,0
6,11,陳夢(RSH),6:5,1,8,X,2,正手,5,5,擺短,弱,下旋,中路短球,左手區->中路區,相持段,0
6,11,陳夢(RSH),6:5,1,8,X,4,正手,2,3,拉球,強,上旋,反手長球,中路區->左手區,相持段,0
6,11,陳夢(RSH),6:5,1,8,X,6,反手,2,2,拉球,普通,上旋,中路長球,左手區->中路區,相持段,0
6,11,陳夢(RSH),6:5,1,8,X,8,反手,3,0,反拉,普通,上旋,出界,未變線,相持段,0
6,12,陳夢(RSH),7:5,1,3,X,2,正手,4,5,擺短,弱,下旋,中路短球,左手區->中路區,接發球搶攻段,0
6,13,孫穎莎(RSH),8:5,0,7,Y,1,正手,3,5,低拋式,弱,下旋,中路短球,未變線,相持段,0
6,13,孫穎莎(RSH),8:5,0,7,Y,3,反手,2,2,反拉,普通,上旋,中路長球,未變線,相持段,0
6,13,孫穎莎(RSH),8:5,0,7,Y,5,反手,3,3,殺球,強,上旋,反手長球,中路區->左手區,相持段,0
6,13,孫穎莎(RSH),8:5,0,7,Y,7,正手,2,0,拉球,強,上旋,出界,未變線,相持段,0
6,14,孫穎莎(RSH),9:5,0,8,Y,1,正手,3,4,低拋式,普通,下旋,正手短球,未變線,相持段,0
6,14,孫穎莎(RSH),9:5,0,8,Y,3,反手,3,2,拉球,強,上旋,中路長球,反手區->中路區,相持段,0
6,14,孫穎莎(RSH),9:5,0,8,Y,5,反手,3,2,拉球,普通,上旋,中路長球,未變線,相持段,0
6,14,孫穎莎(RSH),9:5,0,8,Y,7,正手,1,1,反拉,普通,上旋,正手長球,中路區->反手區,相持段,0
6,15,陳夢(RSH),9:6,0,5,X,2,正手,5,5,擺短,弱,下旋,中路短球,左手區->中路區,相持段,1
6,15,陳夢(RSH),9:6,0,5,X,4,正手,2,1,拉球,普通,上旋,正手長球,中路區->反手區,相持段,1
6,16,陳夢(RSH),10:6,1,4,X,2,反手,3,3,拉球,普通,上旋,反手長球,未變線,接發球搶攻段,0
6,16,陳夢(RSH),10:6,1,4,X,4,反手,2,0,反拉,普通,上旋,掛網,未變線,接發球搶攻段,0
6,17,孫穎莎(RSH),11:6,0,3,Y,1,正手,3,5,低拋式,弱,下旋,中路短球,未變線,發球搶攻段,0
6,17,孫穎莎(RSH),11:6,0,3,Y,3,反手,2,0,拉球,普通,上旋,掛網,未變線,發球搶攻段,0
1,1,蒯曼(LSH),0:1,0,4,X,2,正手,5,2,搓球,普通,下旋,中路長球,反手區->中路區,接發球搶攻段,1
1,1,蒯曼(LSH),0:1,0,4,X,4,正手,2,1,反拉,強,上旋,反手長球,中路區->反手區,接發球搶攻段,1
1,2,蒯曼(LSH),0:2,0,5,X,2,正手,5,5,擺短,普通,下旋,中路短球,反手區->中路區,相持段,1
1,2,蒯曼(LSH),0:2,0,5,X,4,正手,5,1,搓球,普通,下旋,反手長球,中路區->反手區,相持段,1
1,3,孫穎莎(RSH),0:3,1,3,Y,1,正手,3,5,低拋式,普通,下旋,中路短球,未變線,發球搶攻段,1
1,3,孫穎莎(RSH),0:3,1,3,Y,3,正手,2,3,殺球,強,上旋,正手長球,中路區->左手區,發球搶攻段,1
1,4,孫穎莎(RSH),1:3,0,11,Y,1,正手,3,5,低拋式,普通,下旋,中路短球,未變線,相持段,0
1,4,孫穎莎(RSH),1:3,0,11,Y,3,反手,3,5,拉球,普通,上旋,中路短球,未變線,相持段,0
1,4,孫穎莎(RSH),1:3,0,11,Y,5,反手,2,6,反拉,普通,上旋,正手長球,中路區->左手區,相持段,0
1,4,孫穎莎(RSH),1:3,0,11,Y,7,反手,2,1,擋球,普通,上旋,反手長球,左手區->反手區,相持段,0
1,4,孫穎莎(RSH),1:3,0,11,Y,9,正手,1,2,反拉,普通,上旋,中路長球,反手區->中路區,相持段,0
1,4,孫穎莎(RSH),1:3,0,11,Y,11,反手,3,0,擋球,普通,上旋,出界,未變線,相持段,0
1,5,蒯曼(LSH),1:4,0,3,X,2,正手,5,2,搓球,弱,下旋,中路長球,反手區->中路區,接發球搶攻段,1
1,6,蒯曼(LSH),1:5,0,11,X,2,正手,5,4,擺短,弱,下旋,反手半出台,未變線,相持段,1
1,6,蒯曼(LSH),1:5,0,11,X,4,反手,2,3,拉球,普通,上旋,正手長球,反手區->左手區,相持段,1
1,6,蒯曼(LSH),1:5,0,11,X,6,正手,1,2,反拉,普通,上旋,中路長球,左手區->中路區,相持段,1
1,6,蒯曼(LSH),1:5,0,11,X,8,正手,1,2,反拉,普通,上旋,中路長球,未變線,相持段,1
1,6,蒯曼(LSH),1:5,0,11,X,10,反手,3,1,推擠,普通,上旋,反手長球,中路區->反手區,相持段,1
1,7,孫穎莎(RSH),1:6,1,2,Y,1,正手,3,2,低拋式,普通,下旋,中路長球,未變線,發球搶攻段,1
1,8,孫穎莎(RSH),1:7,1,5,Y,1,正手,3,5,低拋式,普通,下旋,中路短球,未變線,相持段,1
1,8,孫穎莎(RSH),1:7,1,5,Y,3,正手,5,1,擺短,弱,下旋,反手長球,中路區->反手區,相持段,1
1,8,孫穎莎(RSH),1:7,1,5,Y,5,正手,2,3,反拉,強,上旋,正手長球,反手區->左手區,相持段,1
1,9,蒯曼(LSH),2:7,1,8,X,2,正手,1,3,拉球,普通,上旋,正手長球,反手區->左手區,相持段,0
1,9,蒯曼(LSH),2:7,1,8,X,4,反手,3,3,擋球,普通,上旋,正手長球,未變線,相持段,0
1,9,蒯曼(LSH),2:7,1,8,X,6,反手,3,2,擋球,普通,上旋,中路長球,左手區->中路區,相持段,0
1,9,蒯曼(LSH),2:7,1,8,X,8,正手,2,0,反拉,普通,上旋,出界,未變線,相持段,0
1,10,蒯曼(LSH),3:7,1,7,X,2,反手,2,2,拉球,普通,上旋,中路長球,反手區->中路區,相持段,0
1,10,蒯曼(LSH),3:7,1,7,X,4,正手,1,2,反拉,普通,上旋,中路長球,未變線,相持段,0
1,10,蒯曼(LSH),3:7,1,7,X,6,反手,3,1,拉球,普通,上旋,反手長球,中路區->反手區,相持段,0
1,11,孫穎莎(RSH),3:8,1,4,Y,1,正手,3,5,低拋式,普通,下旋,中路短球,未變線,發球搶攻段,1
1,11,孫穎莎(RSH),3:8,1,4,Y,3,反手,3,1,拉球,普通,上旋,反手長球,中路區->反手區,發球搶攻段,1
1,12,孫穎莎(RSH),3:9,1,2,Y,1,正手,3,2,低拋式,普通,下旋,中路長球,未變線,發球搶攻段,1
1,13,蒯曼(LSH),4:9,1,4,X,2,正手,5,5,擺短,弱,下旋,中路短球,反手區->中路區,接發球搶攻段,0
1,13,蒯曼(LSH),4:9,1,4,X,4,正手,1,0,快帶,普通,上旋,出界,未變線,接發球搶攻段,0
1,14,蒯曼(LSH),5:9,1,4,X,2,反手,4,5,搓球,弱,下旋,中路短球,反手區->中路區,接發球搶攻段,0
1,14,蒯曼(LSH),5:9,1,4,X,4,反手,3,0,擋球,普通,上旋,掛網,未變線,接發球搶攻段,0
1,15,孫穎莎(RSH),6:9,0,4,Y,1,正手,2,6,低拋式,弱,下旋,正手短球,未變線,發球搶攻段,0
1,15,孫穎莎(RSH),6:9,0,4,Y,3,正手,4,2,拉球,強,上旋,反手長球,左手區->中路區,發球搶攻段,0
1,16,孫穎莎(RSH),7:9,0,5,Y,1,正手,3,5,低拋式,弱,下旋,中路短球,未變線,相持段,0
1,16,孫穎莎(RSH),7:9,0,5,Y,3,正手,5,1,拉球,普通,上旋,反手長球,中路區->反手區,相持段,0
1,16,孫穎莎(RSH),7:9,0,5,Y,5,正手,2,0,反拉,普通,上旋,掛網,未變線,相持段,0
1,17,蒯曼(LSH),7:10,0,6,X,2,反手,3,3,拉球,普通,上旋,正手長球,反手區->左手區,相持段,1
1,17,蒯曼(LSH),7:10,0,6,X,4,反手,3,1,推擠,普通,上旋,反手長球,左手區->反手區,相持段,1
1,18,蒯曼(LSH),8:10,1,2,X,2,正手,3,0,拉球,強,上旋,出界,未變線,接發球搶攻段,0
1,19,孫穎莎(RSH),8:11,1,2,Y,1,正手,3,5,低拋式,普通,下旋,中路短球,未變線,發球搶攻段,1
2,1,孫穎莎(RSH),0:1,1,2,Y,1,正手,3,2,低拋式,普通,下旋,中路長球,未變線,發球搶攻段,1
2,2,孫穎莎(RSH),1:1,0,9,Y,1,正手,3,1,低拋式,普通,下旋,反手長球,未變線,相持段,0
2,2,孫穎莎(RSH),1:1,0,9,Y,3,正手,2,1,反拉,普通,上旋,反手長球,未變線,相持段,0
2,2,孫穎莎(RSH),1:1,0,9,Y,5,反手,2,2,反拉,普通,上旋,中路長球,反手區->中路區,相持段,0
2,2,孫穎莎(RSH),1:1,0,9,Y,7,正手,2,3,反拉,普通,上旋,正手長球,中路區->左手區,相持段,0
2,2,孫穎莎(RSH),1:1,0,9,Y,9,正手,1,0,拉球,普通,上旋,出界,未變線,相持段,0
2,3,蒯曼(LSH),1:2,0,5,X,2,正手,4,2,擺短,弱,下旋,中路長球,未變線,相持段,1
2,3,蒯曼(LSH),1:2,0,5,X,4,反手,2,3,反拉,普通,上旋,正手長球,中路區->左手區,相持段,1
2,4,蒯曼(LSH),2:2,1,4,X,2,正手,5,1,擺短,弱,下旋,反手長球,未變線,接發球搶攻段,0
2,4,蒯曼(LSH),2:2,1,4,X,4,正手,1,0,反拉,普通,上旋,出界,未變線,接發球搶攻段,0
2,5,孫穎莎(RSH),3:2,0,5,Y,1,正手,3,5,低拋式,弱,下旋,中路短球,未變線,相持段,0
2,5,孫穎莎(RSH),3:2,0,5,Y,3,正手,1,2,拉球,普通,上旋,中路長球,未變線,相持段,0
2,5,孫穎莎(RSH),3:2,0,5,Y,5,反手,3,0,擋球,普通,上旋,出界,未變線,相持段,0
2,6,孫穎莎(RSH),3:3,1,4,Y,1,正手,3,5,低拋式,弱,下旋,中路短球,未變線,發球搶攻段,1
2,6,孫穎莎(RSH),3:3,1,4,Y,3,正手,5,2,搓球,弱,下旋,中路長球,未變線,發球搶攻段,1
2,7,蒯曼(LSH),3:4,0,7,X,2,反手,5,3,搓球,普通,下旋,正手長球,反手區->左手區,相持段,1
2,7,蒯曼(LSH),3:4,0,7,X,4,反手,2,3,反拉,普通,上旋,正手長球,未變線,相持段,1
2,7,蒯曼(LSH),3:4,0,7,X,6,正手,2,1,反拉,普通,上旋,反手長球,左手區->反手區,相持段,1
2,8,蒯曼(LSH),3:5,0,7,X,2,正手,2,2,拉球,普通,上旋,中路長球,反手區->中路區,相持段,1
2,8,蒯曼(LSH),3:5,0,7,X,4,反手,3,1,反拉,普通,上旋,反手長球,中路區->反手區,相持段,1
2,8,蒯曼(LSH),3:5,0,7,X,6,反手,3,3,反拉,普通,上旋,正手長球,反手區->左手區,相持段,1
2,9,孫穎莎(RSH),4:5,0,3,Y,1,正手,3,5,低拋式,弱,下旋,中路短球,未變線,發球搶攻段,0
2,9,孫穎莎(RSH),4:5,0,3,Y,3,反手,2,0,拉球,普通,上旋,出界,未變線,發球搶攻段,0
2,10,孫穎莎(RSH),5:5,0,3,Y,1,正手,2,5,低拋式,弱,下旋,中路短球,未變線,發球搶攻段,0
2,10,孫穎莎(RSH),5:5,0,3,Y,3,反手,5,0,拉球,普通,上旋,掛網,未變線,發球搶攻段,0
2,11,蒯曼(LSH),6:5,1,6,X,2,反手,2,2,削球,普通,下旋,中路長球,反手區->中路區,相持段,0
2,11,蒯曼(LSH),6:5,1,6,X,4,正手,1,2,反拉,普通,上旋,中路長球,未變線,相持段,0
2,11,蒯曼(LSH),6:5,1,6,X,6,反手,3,0,拉球,普通,上旋,出界,未變線,相持段,0
2,12,蒯曼(LSH),6:6,0,5,X,2,正手,5,5,擺短,弱,下旋,中路短球,未變線,相持段,1
2,12,蒯曼(LSH),6:6,0,5,X,4,反手,2,1,反拉,普通,上旋,反手長球,中路區->反手區,相持段,1
2,13,孫穎莎(RSH),6:7,1,8,Y,1,正手,3,5,低拋式,弱,下旋,中路短球,未變線,相持段,1
2,13,孫穎莎(RSH),6:7,1,8,Y,3,正手,2,1,拉球,強,上旋,反手長球,中路區->反手區,相持段,1
2,13,孫穎莎(RSH),6:7,1,8,Y,5,正手,2,2,快帶,普通,上旋,中路長球,反手區->中路區,相持段,1
2,13,孫穎莎(RSH),6:7,1,8,Y,7,反手,3,2,反拉,普通,上旋,正手長球,未變線,相持段,1
2,14,孫穎莎(RSH),7:7,0,5,Y,1,正手,3,2,低拋式,普通,下旋,中路長球,未變線,相持段,0
2,14,孫穎莎(RSH),7:7,0,5,Y,3,反手,3,1,推擠,普通,上旋,反手長球,中路區->反手區,相持段,0
2,14,孫穎莎(RSH),7:7,0,5,Y,5,反手,3,0,反拉,普通,上旋,出界,未變線,相持段,0
2,15,蒯曼(LSH),8:7,1,6,X,2,正手,5,2,搓球,弱,下旋,中路長球,反手區->中路區,相持段,0
2,15,蒯曼(LSH),8:7,1,6,X,4,反手,2,2,推擠,普通,上旋,中路長球,未變線,相持段,0
2,15,蒯曼(LSH),8:7,1,6,X,6,反手,2,0,拉球,普通,上旋,掛網,未變線,相持段,0
2,16,蒯曼(LSH),9:7,1,2,X,2,反手,3,0,拉球,普通,上旋,掛網,未變線,接發球搶攻段,0
2,17,孫穎莎(RSH),9:8,1,5,Y,1,正手,3,3,低拋式,普通,下旋,正手長球,未變線,相持段,1
2,17,孫穎莎(RSH),9:8,1,5,Y,3,反手,2,2,反拉,普通,上旋,中路長球,左手區->中路區,相持段,1
2,17,孫穎莎(RSH),9:8,1,5,Y,5,正手,2,1,殺球,強,上旋,反手長球,中路區->反手區,相持段,1
2,18,孫穎莎(RSH),10:8,0,3,Y,1,正手,3,2,低拋式,弱,下旋,中路半出台,未變線,發球搶攻段,0
2,18,孫穎莎(RSH),10:8,0,3,Y,3,正手,1,0,拉球,強,上旋,出界,未變線,發球搶攻段,0
2,19,蒯曼(LSH),10:9,0,3,X,2,反手,3,2,拉球,普通,上旋,中路長球,反手區->中路區,接發球搶攻段,1
2,20,蒯曼(LSH),11:9,1,2,X,2,正手,2,0,拉球,普通,上旋,出界,未變線,接發球搶攻段,0
3,1,蒯曼(LSH),0:1,0,9,X,2,反手,3,3,搓球,弱,下旋,正手長球,反手區->左手區,相持段,1
3,1,蒯曼(LSH),0:1,0,9,X,4,反手,2,2,擋球,普通,上旋,中路長球,左手區->中路區,相持段,1
3,1,蒯曼(LSH),0:1,0,9,X,6,反手,3,2,擋球,普通,上旋,中路長球,未變線,相持段,1
3,1,蒯曼(LSH),0:1,0,9,X,8,正手,2,2,反拉,強,上旋,中路長球,未變線,相持段,1
3,2,蒯曼(LSH),0:2,0,5,X,2,正手,5,2,搓球,弱,下旋,中路長球,未變線,相持段,1
3,2,蒯曼(LSH),0:2,0,5,X,4,反手,3,3,推擠,普通,上旋,正手長球,中路區->左手區,相持段,1
3,3,孫穎莎(RSH),0:3,1,4,Y,1,正手,3,2,低拋式,弱,下旋,中路長球,未變線,發球搶攻段,1
3,3,孫穎莎(RSH),0:3,1,4,Y,3,反手,3,2,推擠,普通,上旋,中路長球,未變線,發球搶攻段,1
3,4,孫穎莎(RSH),0:4,1,3,Y,1,正手,3,5,低拋式,弱,下旋,中路短球,未變線,發球搶攻段,1
3,4,孫穎莎(RSH),0:4,1,3,Y,3,正手,2,3,殺球,強,上旋,正手長球,中路區->左手區,發球搶攻段,1
3,5,蒯曼(LSH),0:5,0,7,X,2,正手,5,2,搓球,弱,下旋,中路短球,未變線,相持段,1
3,5,蒯曼(LSH),0:5,0,7,X,4,反手,2,1,擋球,普通,上旋,反手長球,中路區->反手區,相持段,1
3,5,蒯曼(LSH),0:5,0,7,X,6,反手,2,3,反拉,普通,上旋,正手長球,反手區->左手區,相持段,1
3,6,蒯曼(LSH),1:5,1,5,X,2,正手,5,1,擺短,弱,下旋,反手長球,未變線,相持段,0
3,6,蒯曼(LSH),1:5,1,5,X,4,正手,2,5,快帶,普通,上旋,中路長球,反手區->中路區,相持段,0
3,7,孫穎莎(RSH),2:5,0,8,Y,1,正手,3,2,低拋式,普通,下旋,中路長球,未變線,相持段,0
3,7,孫穎莎(RSH),2:5,0,8,Y,3,正手,1,2,擋球,普通,上旋,中路長球,未變線,相持段,0
3,7,孫穎莎(RSH),2:5,0,8,Y,5,反手,3,2,擋球,普通,上旋,中路長球,未變線,相持段,0
3,7,孫穎莎(RSH),2:5,0,8,Y,7,正手,1,5,快帶,普通,上旋,中路長球,未變線,相持段,0
3,8,孫穎莎(RSH),3:5,0,7,Y,1,正手,3,2,低拋式,弱,下旋,中路長球,未變線,相持段,0
3,8,孫穎莎(RSH),3:5,0,7,Y,3,反手,3,2,拉球,普通,上旋,中路長球,未變線,相持段,0
3,8,孫穎莎(RSH),3:5,0,7,Y,5,反手,3,2,擋球,普通,上旋,中路長球,未變線,相持段,0
3,8,孫穎莎(RSH),3:5,0,7,Y,7,反手,2,0,推擠,普通,上旋,掛網,未變線,相持段,0
3,9,蒯曼(LSH),3:6,0,3,X,2,正手,5,1,擺短,弱,下旋,反手長球,未變線,接發球搶攻段,1
3,10,蒯曼(LSH),4:6,1,4,X,2,反手,3,3,拉球,普通,上旋,正手長球,反手區->左手區,接發球搶攻段,0
3,10,蒯曼(LSH),4:6,1,4,X,4,反手,3,0,推擠,普通,上旋,掛網,未變線,接發球搶攻段,0
3,11,孫穎莎(RSH),4:7,1,4,Y,1,正手,3,5,低拋式,弱,下旋,中路短球,未變線,發球搶攻段,1
3,11,孫穎莎(RSH),4:7,1,4,Y,3,正手,1,2,拉球,普通,上旋,中路長球,未變線,發球搶攻段,1
3,12,孫穎莎(RSH),4:8,1,8,Y,1,正手,3,2,低拋式,弱,下旋,中路半出台,未變線,相持段,1
3,12,孫穎莎(RSH),4:8,1,8,Y,3,反手,3,1,推擠,普通,上旋,反手長球,中路區->反手區,相持段,1
3,12,孫穎莎(RSH),4:8,1,8,Y,5,反手,3,2,反拉,普通,上旋,中路長球,反手區->中路區,相持段,1
3,12,孫穎莎(RSH),4:8,1,8,Y,7,反手,2,1,拉球,普通,上旋,反手長球,中路區->反手區,相持段,1
3,13,蒯曼(LSH),5:8,1,4,X,2,正手,5,1,搓球,弱,下旋,反手長球,未變線,接發球搶攻段,0
3,13,蒯曼(LSH),5:8,1,4,X,4,正手,1,0,快帶,普通,上旋,出界,未變線,接發球搶攻段,0
3,14,蒯曼(LSH),5:9,0,3,X,2,反手,3,2,反拉,普通,上旋,中路長球,反手區->中路區,接發球搶攻段,1
3,15,孫穎莎(RSH),6:9,0,3,Y,1,正手,3,5,低拋式,弱,下旋,中路短球,未變線,發球搶攻段,0
3,15,孫穎莎(RSH),6:9,0,3,Y,3,正手,5,0,擺短,弱,下旋,掛網,未變線,發球搶攻段,0
3,16,孫穎莎(RSH),6:10,1,5,Y,1,正手,3,5,低拋式,弱,下旋,中路短球,未變線,相持段,1
3,16,孫穎莎(RSH),6:10,1,5,Y,3,正手,5,2,拉球,普通,上旋,中路長球,未變線,相持段,1
3,16,孫穎莎(RSH),6:10,1,5,Y,5,正手,1,3,拉球,普通,上旋,正手長球,中路區->左手區,相持段,1
3,17,蒯曼(LSH),7:10,1,3,X,2,反手,3,5,擋球,普通,上旋,中路長球,反手區->中路區,接發球搶攻段,0
3,18,蒯曼(LSH),7:11,0,3,X,2,反手,3,3,拉球,普通,上旋,正手長球,反手區->左手區,接發球搶攻段,1
4,1,孫穎莎(RSH),0:1,1,8,Y,1,正手,3,5,低拋式,弱,下旋,中路短球,未變線,相持段,1
4,1,孫穎莎(RSH),0:1,1,8,Y,3,正手,5,5,搓球,弱,下旋,中路半出台,未變線,相持段,1
4,1,孫穎莎(RSH),0:1,1,8,Y,5,反手,2,3,推擠,普通,上旋,正手長球,中路區->左手區,相持段,1
4,1,孫穎莎(RSH),0:1,1,8,Y,7,正手,1,1,反拉,普通,上旋,反手長球,左手區->反手區,相持段,1
4,2,孫穎莎(RSH),1:1,0,5,Y,1,正手,3,5,低拋式,弱,下旋,中路短球,未變線,相持段,0
4,2,孫穎莎(RSH),1:1,0,5,Y,3,反手,2,2,拉球,普通,上旋,中路長球,未變線,相持段,0
4,2,孫穎莎(RSH),1:1,0,5,Y,5,反手,2,0,快帶,普通,上旋,掛網,未變線,相持段,0
4,3,蒯曼(LSH),1:2,0,4,X,2,反手,3,3,拉球,普通,上旋,正手長球,反手區->左手區,接發球搶攻段,1
4,3,蒯曼(LSH),1:2,0,4,X,4,反手,2,3,反拉,普通,上旋,正手長球,未變線,接發球搶攻段,1
4,4,蒯曼(LSH),2:2,1,3,X,2,正手,5,1,擺短,弱,下旋,反手長球,中路區->反手區,接發球搶攻段,0
4,5,孫穎莎(RSH),2:3,1,6,Y,1,正手,3,2,低拋式,普通,下旋,中路長球,未變線,相持段,1
4,5,孫穎莎(RSH),2:3,1,6,Y,3,反手,6,3,反拉,普通,上旋,正手長球,中路區->左手區,相持段,1
4,5,孫穎莎(RSH),2:3,1,6,Y,5,反手,2,2,拉球,普通,上旋,中路長球,左手區->中路區,相持段,1
4,6,孫穎莎(RSH),3:3,0,7,Y,1,正手,3,5,低拋式,弱,下旋,中路短球,未變線,相持段,0
4,6,孫穎莎(RSH),3:3,0,7,Y,3,反手,3,2,拉球,普通,上旋,中路長球,未變線,相持段,0
4,6,孫穎莎(RSH),3:3,0,7,Y,5,反手,2,2,反拉,普通,上旋,中路長球,未變線,相持段,0
4,6,孫穎莎(RSH),3:3,0,7,Y,7,反手,3,0,擋球,普通,上旋,出界,未變線,相持段,0
4,7,蒯曼(LSH),3:4,0,5,X,2,正手,4,1,搓球,弱,下旋,反手長球,中路區->反手區,相持段,1
4,7,蒯曼(LSH),3:4,0,5,X,4,正手,1,1,反拉,普通,上旋,反手長球,未變線,相持段,1
4,8,蒯曼(LSH),3:5,0,3,X,2,正手,4,3,搓球,普通,下旋,正手長球,中路區->左手區,接發球搶攻段,1
4,9,孫穎莎(RSH),3:6,1,8,Y,1,正手,3,2,低拋式,普通,下旋,中路長球,未變線,相持段,1
4,9,孫穎莎(RSH),3:6,1,8,Y,3,反手,3,3,拉球,強,上旋,正手長球,中路區->左手區,相持段,1
4,9,孫穎莎(RSH),3:6,1,8,Y,5,正手,1,1,拉球,普通,上旋,反手長球,左手區->反手區,相持段,1
4,9,孫穎莎(RSH),3:6,1,8,Y,7,正手,2,5,殺球,強,上旋,中路長球,反手區->中路區,相持段,1
4,10,孫穎莎(RSH),4:6,0,5,Y,1,正手,3,5,低拋式,弱,下旋,中路短球,未變線,相持段,0
4,10,孫穎莎(RSH),4:6,0,5,Y,3,反手,5,2,挑撥,普通,上旋,中路長球,未變線,相持段,0
4,10,孫穎莎(RSH),4:6,0,5,Y,5,反手,3,0,擋球,弱,上旋,出界,未變線,相持段,0
4,11,蒯曼(LSH),4:7,0,9,X,2,正手,5,1,搓球,普通,下旋,反手長球,中路區->反手區,相持段,1
4,11,蒯曼(LSH),4:7,0,9,X,4,反手,2,2,反拉,普通,上旋,中路長球,反手區->中路區,相持段,1
4,11,蒯曼(LSH),4:7,0,9,X,6,正手,2,2,反拉,普通,上旋,中路長球,未變線,相持段,1
4,11,蒯曼(LSH),4:7,0,9,X,8,正手,1,1,反拉,強,上旋,反手長球,中路區->反手區,相持段,1
4,12,蒯曼(LSH),4:8,0,3,X,2,反手,5,3,擰球,普通,上旋,正手長球,中路區->左手區,接發球搶攻段,1
4,13,孫穎莎(RSH),4:9,1,2,Y,1,正手,3,5,低拋式,弱,下旋,中路半出台,未變線,發球搶攻段,1
4,14,孫穎莎(RSH),4:10,1,2,Y,1,正手,3,5,低拋式,弱,下旋,中路短球,未變線,發球搶攻段,1
4,15,蒯曼(LSH),5:10,1,4,X,2,正手,5,5,搓球,弱,下旋,中路短球,反手區->中路區,接發球搶攻段,0
4,15,蒯曼(LSH),5:10,1,4,X,4,反手,3,0,拉球,普通,上旋,出界,未變線,接發球搶攻段,0
4,16,蒯曼(LSH),5:11,0,7,X,2,正手,5,5,擺短,弱,下旋,中路短球,反手區->中路區,相持段,1
4,16,蒯曼(LSH),5:11,0,7,X,4,正手,5,5,擺短,弱,下旋,中路短球,未變線,相持段,1
4,16,蒯曼(LSH),5:11,0,7,X,6,正手,5,1,搓球,普通,下旋,反手長球,中路區->反手區,相持段,1
5,1,蒯曼(LSH),0:1,0,3,X,2,反手,5,5,擺短,弱,下旋,中路半出台,反手區->中路區,接發球搶攻段,1
5,2,蒯曼(LSH),0:2,0,3,X,2,正手,2,1,拉球,普通,上旋,反手長球,未變線,接發球搶攻段,1
5,3,孫穎莎(RSH),0:3,1,4,Y,1,正手,3,5,低拋式,弱,下旋,中路短球,未變線,發球搶攻段,1
5,3,孫穎莎(RSH),0:3,1,4,Y,3,正手,1,1,殺球,強,上旋,反手長球,中路區->反手區,發球搶攻段,1
5,4,孫穎莎(RSH),1:3,0,5,Y,1,正手,3,5,低拋式,弱,下旋,中路短球,未變線,相持段,0
5,4,孫穎莎(RSH),1:3,0,5,Y,3,正手,1,5,拉球,普通,上旋,反手長球,未變線,相持段,0
5,4,孫穎莎(RSH),1:3,0,5,Y,5,反手,3,0,推擠,普通,上旋,出界,未變線,相持段,0
5,5,蒯曼(LSH),1:4,0,7,X,2,正手,5,2,搓球,普通,下旋,中路長球,反手區->中路區,相持段,1
5,5,蒯曼(LSH),1:4,0,7,X,4,反手,5,2,反拉,普通,上旋,中路長球,未變線,相持段,1
5,5,蒯曼(LSH),1:4,0,7,X,6,正手,1,2,反拉,普通,上旋,中路長球,未變線,相持段,1
5,6,蒯曼(LSH),2:4,1,6,X,2,正手,5,2,搓球,普通,下旋,中路長球,反手區->中路區,相持段,0
5,6,蒯曼(LSH),2:4,1,6,X,4,正手,1,1,反拉,強,上旋,反手長球,中路區->反手區,相持段,0
5,6,蒯曼(LSH),2:4,1,6,X,6,反手,3,0,擋球,弱,上旋,掛網,未變線,相持段,0
5,7,孫穎莎(RSH),2:5,1,2,Y,1,正手,3,2,低拋式,普通,下旋,中路長球,未變線,發球搶攻段,1
5,8,孫穎莎(RSH),2:6,1,6,Y,1,正手,3,5,低拋式,弱,下旋,中路短球,未變線,相持段,1
5,8,孫穎莎(RSH),2:6,1,6,Y,3,反手,2,2,拉球,普通,上旋,中路長球,未變線,相持段,1
5,8,孫穎莎(RSH),2:6,1,6,Y,5,正手,2,2,拉球,普通,上旋,中路長球,未變線,相持段,1
5,9,蒯曼(LSH),2:7,0,5,X,2,反手,5,5,搓球,弱,下旋,中路短球,反手區->中路區,相持段,1
5,9,蒯曼(LSH),2:7,0,5,X,4,正手,5,1,殺球,強,上旋,反手長球,中路區->反手區,相持段,1
5,10,蒯曼(LSH),2:8,0,7,X,2,正手,5,6,擺短,弱,下旋,正手半出台,反手區->左手區,相持段,1
5,10,蒯曼(LSH),2:8,0,7,X,4,反手,2,3,推擠,普通,上旋,正手長球,未變線,相持段,1
5,10,蒯曼(LSH),2:8,0,7,X,6,反手,2,3,推擠,普通,上旋,正手長球,未變線,相持段,1
5,11,孫穎莎(RSH),3:8,0,3,Y,1,正手,3,2,低拋式,普通,下旋,中路長球,未變線,發球搶攻段,0
5,11,孫穎莎(RSH),3:8,0,3,Y,3,正手,2,0,反拉,普通,上旋,出界,未變線,發球搶攻段,0
5,12,孫穎莎(RSH),4:8,0,5,Y,1,正手,3,5,低拋式,弱,下旋,中路短球,未變線,相持段,0
5,12,孫穎莎(RSH),4:8,0,5,Y,3,正手,5,2,擺短,弱,下旋,中路半出台,未變線,相持段,0
5,12,孫穎莎(RSH),4:8,0,5,Y,5,正手,2,0,反拉,普通,上旋,掛網,未變線,相持段,0
5,13,蒯曼(LSH),5:8,1,3,X,2,正手,5,1,搓球,弱,下旋,反手長球,未變線,接發球搶攻段,0
5,14,蒯曼(LSH),5:9,0,5,X,2,正手,5,5,搓球,弱,下旋,中路半出台,反手區->中路區,相持段,1
5,14,蒯曼(LSH),5:9,0,5,X,4,正手,1,2,快帶,普通,上旋,中路長球,未變線,相持段,1
5,15,孫穎莎(RSH),5:10,1,4,Y,1,正手,3,5,低拋式,普通,下旋,中路短球,未變線,發球搶攻段,1
5,15,孫穎莎(RSH),5:10,1,4,Y,3,正手,2,1,殺球,強,上旋,反手長球,中路區->反手區,發球搶攻段,1
5,16,孫穎莎(RSH),6:10,0,3,Y,1,正手,3,2,低拋式,普通,下旋,中路短球,未變線,發球搶攻段,0
5,16,孫穎莎(RSH),6:10,0,3,Y,3,正手,5,0,殺球,普通,上旋,出界,未變線,發球搶攻段,0
5,17,蒯曼(LSH),6:11,0,9,X,2,正手,5,2,搓球,弱,下旋,中路長球,反手區->中路區,相持段,1
5,17,蒯曼(LSH),6:11,0,9,X,4,反手,3,3,推擠,普通,上旋,正手長球,中路區->左手區,相持段,1
5,17,蒯曼(LSH),6:11,0,9,X,6,正手,2,2,反拉,強,上旋,中路長球,左手區->中路區,相持段,1
5,17,蒯曼(LSH),6:11,0,9,X,8,反手,3,1,推擠,普通,上旋,反手長球,中路區->反手區,相持段,1
1,1,何卓佳(RSH),00:01,0,4,X,2,反手,3,2,拉球,普通,上旋,中路長球,左手區->中路區,接發球搶攻段,1
1,1,何卓佳(RSH),00:01,0,4,X,4,反手,3,2,反拉,普通,上旋,中路長球,未變線,接發球搶攻段,1
1,2,何卓佳(RSH),00:02,0,7,X,2,正手,5,2,擺短,弱,下旋,中路短球,左手區->中路區,相持段,1
1,2,何卓佳(RSH),00:02,0,7,X,4,正手,5,2,拉球,普通,上旋,中路長球,未變線,相持段,1
1,2,何卓佳(RSH),00:02,0,7,X,6,正手,3,1,殺球,強,上旋,正手長球,中路區->反手區,相持段,1
1,3,孫穎莎(RSH),00:03,1,4,Y,1,正手,3,2,低拋式,弱,下旋,中路半出台,未變線,發球搶攻段,1
1,3,孫穎莎(RSH),00:03,1,4,Y,3,反手,3,2,反拉,普通,上旋,中路長球,未變線,發球搶攻段,1
1,4,孫穎莎(RSH),00:04,1,6,Y,1,正手,3,5,低拋式,弱,下旋,中路短球,未變線,相持段,1
1,4,孫穎莎(RSH),00:04,1,6,Y,3,反手,2,3,拉球,普通,上旋,反手長球,中路區->左手區,相持段,1
1,4,孫穎莎(RSH),00:04,1,6,Y,5,反手,2,3,反拉,普通,上旋,反手長球,未變線,相持段,1
1,5,何卓佳(RSH),00:05,0,8,X,2,正手,4,5,搓球,弱,下旋,中路短球,左手區->中路區,相持段,1
1,5,何卓佳(RSH),00:05,0,8,X,4,反手,2,2,搓球,弱,下旋,反手半出台,未變線,相持段,1
1,5,何卓佳(RSH),00:05,0,8,X,6,反手,5,3,推擠,普通,上旋,反手長球,中路區->左手區,相持段,1
1,5,何卓佳(RSH),00:05,0,8,X,8,正手,1,1,殺球,強,上旋,正手長球,左手區->反手區,相持段,1
1,6,何卓佳(RSH),01:05,1,18,X,2,反手,6,3,搓球,普通,下旋,反手長球,未變線,相持段,0
1,6,何卓佳(RSH),01:05,1,18,X,4,正手,5,2,拉球,普通,上旋,中路半出台,左手區->中路區,相持段,0
1,6,何卓佳(RSH),01:05,1,18,X,6,反手,2,3,拉球,普通,上旋,反手長球,中路區->左手區,相持段,0
1,6,何卓佳(RSH),01:05,1,18,X,8,反手,3,2,反拉,普通,上旋,中路長球,左手區->中路區,相持段,0
1,6,何卓佳(RSH),01:05,1,18,X,10,反手,3,2,反拉,普通,上旋,中路長球,未變線,相持段,0
1,6,何卓佳(RSH),01:05,1,18,X,12,反手,3,2,反拉,普通,上旋,中路長球,未變線,相持段,0
1,6,何卓佳(RSH),01:05,1,18,X,14,反手,3,3,反拉,普通,上旋,反手長球,中路區->左手區,相持段,0
1,6,何卓佳(RSH),01:05,1,18,X,16,正手,1,2,拉球,強,上旋,中路長球,左手區->中路區,相持段,0
1,6,何卓佳(RSH),01:05,1,18,X,18,反手,3,0,拉球,普通,上旋,掛網,未變線,相持段,0
1,7,孫穎莎(RSH),01:06,1,4,Y,1,正手,3,2,低拋式,弱,下旋,中路半出台,未變線,發球搶攻段,1
1,7,孫穎莎(RSH),01:06,1,4,Y,3,反手,3,3,拉球,普通,上旋,反手長球,中路區->左手區,發球搶攻段,1
1,8,孫穎莎(RSH),01:07,1,6,Y,1,正手,3,3,低拋式,普通,下旋,反手長球,未變線,相持段,1
1,8,孫穎莎(RSH),01:07,1,6,Y,3,反手,3,2,推擠,普通,上旋,中路長球,左手區->中路區,相持段,1
1,8,孫穎莎(RSH),01:07,1,6,Y,5,正手,1,1,反拉,普通,上旋,正手長球,中路區->反手區,相持段,1
1,9,何卓佳(RSH),02:07,1,8,X,2,反手,6,4,搓球,弱,下旋,正手短球,左手區->反手區,相持段,0
1,9,何卓佳(RSH),02:07,1,8,X,4,反手,6,3,搓球,弱,下旋,反手長球,反手區->左手區,相持段,0
1,9,何卓佳(RSH),02:07,1,8,X,6,反手,5,3,搓球,弱,下旋,反手長球,未變線,相持段,0
1,9,何卓佳(RSH),02:07,1,8,X,8,反手,3,0,反拉,普通,上旋,出界,未變線,相持段,0
1,10,何卓佳(RSH),02:08,0,7,X,2,反手,6,3,搓球,弱,下旋,反手長球,未變線,相持段,1
1,10,何卓佳(RSH),02:08,0,7,X,4,反手,2,2,反拉,普通,上旋,中路長球,左手區->中路區,相持段,1
1,10,何卓佳(RSH),02:08,0,7,X,6,正手,1,1,快帶,普通,上旋,正手長球,中路區->反手區,相持段,1
1,11,孫穎莎(RSH),03:08,0,13,Y,1,正手,3,5,低拋式,弱,下旋,中路短球,未變線,相持段,0
1,11,孫穎莎(RSH),03:08,0,13,Y,3,反手,3,2,拉球,普通,上旋,中路長球,未變線,相持段,0
1,11,孫穎莎(RSH),03:08,0,13,Y,5,反手,2,1,拉球,普通,上旋,正手長球,中路區->反手區,相持段,0
1,11,孫穎莎(RSH),03:08,0,13,Y,7,反手,2,2,拉球,普通,上旋,中路長球,反手區->中路區,相持段,0
1,11,孫穎莎(RSH),03:08,0,13,Y,9,正手,2,2,反拉,普通,上旋,中路長球,未變線,相持段,0
1,11,孫穎莎(RSH),03:08,0,13,Y,11,反手,3,2,削球,普通,下旋,中路長球,未變線,相持段,0
1,11,孫穎莎(RSH),03:08,0,13,Y,13,正手,1,0,反拉,普通,上旋,掛網,未變線,相持段,0
1,12,孫穎莎(RSH),03:09,1,6,Y,1,正手,3,6,低拋式,弱,下旋,反手短球,未變線,相持段,1
1,12,孫穎莎(RSH),03:09,1,6,Y,3,反手,2,3,推擠,普通,上旋,反手長球,未變線,相持段,1
1,12,孫穎莎(RSH),03:09,1,6,Y,5,反手,3,1,反拉,普通,上旋,正手長球,左手區->反手區,相持段,1
1,13,何卓佳(RSH),03:10,0,5,X,2,反手,6,3,搓球,弱,下旋,反手長球,未變線,相持段,1
1,13,何卓佳(RSH),03:10,0,5,X,4,正手,3,3,拉球,普通,上旋,反手長球,未變線,相持段,1
1,14,何卓佳(RSH),03:11,0,3,X,2,反手,3,3,拉球,普通,上旋,反手長球,其他->左手區,接發球搶攻段,1
2,1,孫穎莎(RSH),00:01,1,2,Y,1,正手,3,2,低拋式,弱,下旋,中路長球,未變線,發球搶攻段,1
2,2,孫穎莎(RSH),00:02,1,3,Y,1,正手,3,4,低拋式,弱,下旋,正手短球,未變線,發球搶攻段,1
2,2,孫穎莎(RSH),00:02,1,3,Y,3,反手,3,3,殺球,強,上旋,反手長球,反手區->左手區,發球搶攻段,1
2,3,何卓佳(RSH),01:02,1,4,X,2,反手,5,2,搓球,弱,下旋,中路半出台,未變線,接發球搶攻段,0
2,3,何卓佳(RSH),01:02,1,4,X,4,反手,3,0,拉球,普通,上旋,掛網,未變線,接發球搶攻段,0
2,4,何卓佳(RSH),01:03,0,4,X,2,反手,3,2,拉球,普通,上旋,中路長球,未變線,接發球搶攻段,1
2,4,何卓佳(RSH),01:03,0,4,X,4,正手,2,3,拉球,普通,上旋,反手長球,中路區->左手區,接發球搶攻段,1
2,5,孫穎莎(RSH),02:03,0,3,Y,1,正手,3,3,低拋式,普通,下旋,反手長球,未變線,發球搶攻段,0
2,5,孫穎莎(RSH),02:03,0,3,Y,3,反手,2,0,拉球,普通,上旋,出界,未變線,發球搶攻段,0
2,6,孫穎莎(RSH),03:03,0,9,Y,1,正手,3,5,低拋式,弱,下旋,中路短球,未變線,相持段,0
2,6,孫穎莎(RSH),03:03,0,9,Y,3,反手,2,3,推擠,普通,上旋,反手長球,中路區->左手區,相持段,0
2,6,孫穎莎(RSH),03:03,0,9,Y,5,反手,2,3,反拉,普通,上旋,反手長球,未變線,相持段,0
2,6,孫穎莎(RSH),03:03,0,9,Y,7,正手,1,1,反拉,普通,上旋,正手長球,左手區->反手區,相持段,0
2,6,孫穎莎(RSH),03:03,0,9,Y,9,正手,1,0,反拉,普通,上旋,出界,未變線,相持段,0
2,7,何卓佳(RSH),04:03,1,6,X,2,反手,2,5,搓球,弱,下旋,中路短球,未變線,相持段,0
2,7,何卓佳(RSH),04:03,1,6,X,4,反手,3,2,拉球,普通,上旋,中路長球,未變線,相持段,0
2,7,何卓佳(RSH),04:03,1,6,X,6,正手,1,0,反拉,普通,上旋,出界,未變線,相持段,0
2,8,何卓佳(RSH),05:03,1,5,X,2,反手,5,2,搓球,弱,下旋,中路短球,未變線,相持段,0
2,8,何卓佳(RSH),05:03,1,5,X,4,反手,3,3,拉球,普通,上旋,反手長球,中路區->左手區,相持段,0
2,9,孫穎莎(RSH),05:04,1,8,Y,1,正手,3,2,低拋式,弱,下旋,中路長球,未變線,相持段,1
2,9,孫穎莎(RSH),05:04,1,8,Y,3,反手,3,2,拉球,普通,上旋,中路長球,未變線,相持段,1
2,9,孫穎莎(RSH),05:04,1,8,Y,5,正手,2,2,反拉,強,上旋,中路長球,未變線,相持段,1
2,9,孫穎莎(RSH),05:04,1,8,Y,7,正手,2,3,拉球,強,上旋,反手長球,中路區->左手區,相持段,1
2,10,孫穎莎(RSH),05:05,1,8,Y,1,正手,3,4,低拋式,弱,下旋,正手短球,未變線,相持段,1
2,10,孫穎莎(RSH),05:05,1,8,Y,3,正手,1,2,拉球,普通,上旋,中路長球,反手區->中路區,相持段,1
2,10,孫穎莎(RSH),05:05,1,8,Y,5,反手,2,3,削球,普通,下旋,反手長球,中路區->左手區,相持段,1
2,10,孫穎莎(RSH),05:05,1,8,Y,7,反手,3,3,擋球,普通,上旋,反手長球,未變線,相持段,1
2,11,何卓佳(RSH),05:06,0,4,X,2,反手,6,2,搓球,弱,下旋,中路長球,未變線,接發球搶攻段,1
2,11,何卓佳(RSH),05:06,0,4,X,4,正手,2,2,拉球,普通,上旋,中路長球,未變線,接發球搶攻段,1
2,12,何卓佳(RSH),05:07,0,4,X,2,正手,4,6,擺短,弱,下旋,正手短球,中路區->左手區,接發球搶攻段,1
2,12,何卓佳(RSH),05:07,0,4,X,4,反手,3,1,拉球,普通,上旋,正手長球,左手區->反手區,接發球搶攻段,1
2,13,孫穎莎(RSH),05:08,1,2,Y,1,正手,3,1,低拋式,普通,下旋,正手長球,未變線,發球搶攻段,1
2,14,孫穎莎(RSH),06:08,0,7,Y,1,正手,3,2,低拋式,弱,下旋,中路長球,未變線,相持段,0
2,14,孫穎莎(RSH),06:08,0,7,Y,3,反手,2,2,拉球,普通,上旋,中路長球,未變線,相持段,0
2,14,孫穎莎(RSH),06:08,0,7,Y,5,反手,3,2,削球,普通,下旋,中路長球,未變線,相持段,0
2,14,孫穎莎(RSH),06:08,0,7,Y,7,反手,3,0,推擠,普通,上旋,掛網,未變線,相持段,0
2,15,何卓佳(RSH),06:09,0,6,X,2,反手,5,2,搓球,普通,上旋,中路長球,未變線,相持段,1
2,15,何卓佳(RSH),06:09,0,6,X,4,正手,2,6,反拉,普通,上旋,反手短球,中路區->左手區,相持段,1
2,15,何卓佳(RSH),06:09,0,6,X,6,正手,2,3,拉球,普通,上旋,反手長球,未變線,相持段,1
2,16,何卓佳(RSH),06:10,0,2,X,2,正手,1,3,拉球,普通,上旋,反手長球,中路區->左手區,接發球搶攻段,1
2,16,孫穎莎(RSH),06:11,1,4,Y,1,正手,3,2,低拋式,弱,下旋,中路長球,未變線,發球搶攻段,1
2,16,孫穎莎(RSH),06:11,1,4,Y,3,反手,3,2,拉球,普通,上旋,中路長球,未變線,發球搶攻段,1
3,1,何卓佳(RSH),01:00,1,4,X,2,反手,3,2,搓球,普通,下旋,反手長球,未變線,接發球搶攻段,0
3,1,何卓佳(RSH),01:00,1,4,X,4,反手,3,0,殺球,普通,上旋,出界,未變線,接發球搶攻段,0
3,2,何卓佳(RSH),01:01,0,14,X,2,反手,2,5,搓球,弱,下旋,中路短球,左手區->中路區,相持段,1
3,2,何卓佳(RSH),01:01,0,14,X,4,反手,3,2,拉球,普通,上旋,中路長球,未變線,相持段,1
3,2,何卓佳(RSH),01:01,0,14,X,6,反手,2,2,削球,普通,下旋,中路長球,未變線,相持段,1
3,2,何卓佳(RSH),01:01,0,14,X,8,反手,3,2,推擠,普通,上旋,中路長球,未變線,相持段,1
3,2,何卓佳(RSH),01:01,0,14,X,10,反手,3,1,推擠,普通,上旋,正手長球,中路區->反手區,相持段,1
3,2,何卓佳(RSH),01:01,0,14,X,12,反手,2,3,拉球,普通,上旋,反手長球,反手區->左手區,相持段,1
3,2,何卓佳(RSH),01:01,0,14,X,14,正手,5,1,殺球,強,上旋,正手長球,左手區->反手區,相持段,1
3,3,孫穎莎(RSH),01:02,1,5,Y,1,正手,3,1,低拋式,弱,下旋,正手半出台,未變線,相持段,1
3,3,孫穎莎(RSH),01:02,1,5,Y,3,正手,2,2,拉球,普通,上旋,中路長球,反手區->中路區,相持段,1
3,4,孫穎莎(RSH),01:03,1,5,Y,1,正手,3,4,低拋式,弱,下旋,正手短球,未變線,相持段,1
3,4,孫穎莎(RSH),01:03,1,5,Y,3,正手,2,1,拉球,普通,上旋,正手長球,未變線,相持段,1
3,5,何卓佳(RSH),01:04,0,8,X,2,反手,6,4,搓球,弱,下旋,正手短球,中路區->反手區,相持段,1
3,5,何卓佳(RSH),01:04,0,8,X,4,反手,2,3,拉球,普通,上旋,反手長球,反手區->左手區,相持段,1
3,5,何卓佳(RSH),01:04,0,8,X,6,正手,2,3,反拉,普通,上旋,反手長球,未變線,相持段,1
3,5,何卓佳(RSH),01:04,0,8,X,8,反手,2,1,推擠,普通,上旋,正手長球,左手區->反手區,相持段,1
3,6,何卓佳(RSH),02:04,1,6,X,2,反手,2,2,拉球,普通,上旋,中路長球,左手區->中路區,相持段,0
3,6,何卓佳(RSH),02:04,1,6,X,4,反手,3,3,反拉,普通,上旋,反手長球,中路區->左手區,相持段,0
3,6,何卓佳(RSH),02:04,1,6,X,6,反手,3,0,反拉,普通,上旋,出界,未變線,相持段,0
3,7,孫穎莎(RSH),02:05,1,4,Y,1,正手,3,4,低拋式,弱,下旋,正手短球,未變線,發球搶攻段,1
3,7,孫穎莎(RSH),02:05,1,4,Y,3,正手,2,2,拉球,普通,上旋,中路長球,反手區->中路區,發球搶攻段,1
3,8,孫穎莎(RSH),02:06,1,4,Y,1,正手,3,2,低拋式,弱,下旋,中路長球,未變線,發球搶攻段,1
3,8,孫穎莎(RSH),02:06,1,4,Y,3,反手,2,2,拉球,普通,上旋,中路長球,未變線,發球搶攻段,1
3,10,何卓佳(RSH),03:07,1,11,X,2,反手,2,6,拉球,普通,上旋,反手半出台,未變線,相持段,0
3,10,何卓佳(RSH),03:07,1,11,X,4,反手,2,3,反拉,普通,上旋,反手長球,未變線,相持段,0
3,10,何卓佳(RSH),03:07,1,11,X,6,反手,3,5,擋球,普通,上旋,中路短球,左手區->中路區,相持段,0
3,10,何卓佳(RSH),03:07,1,11,X,8,反手,2,2,反拉,普通,上旋,中路長球,未變線,相持段,0
3,10,何卓佳(RSH),03:07,1,11,X,10,反手,3,5,擋球,普通,上旋,中路長球,未變線,相持段,0
3,11,孫穎莎(RSH),04:07,0,7,Y,1,正手,3,4,低拋式,弱,下旋,正手短球,未變線,相持段,0
3,11,孫穎莎(RSH),04:07,0,7,Y,3,正手,5,2,搓球,普通,上旋,中路長球,反手區->中路區,相持段,0
3,11,孫穎莎(RSH),04:07,0,7,Y,5,反手,3,2,反拉,弱,上旋,中路長球,未變線,相持段,0
3,11,孫穎莎(RSH),04:07,0,7,Y,7,反手,3,0,拉球,普通,上旋,出界,未變線,相持段,0
3,12,孫穎莎(RSH),04:08,1,6,Y,1,正手,3,5,低拋式,弱,下旋,中路短球,未變線,相持段,1
3,12,孫穎莎(RSH),04:08,1,6,Y,3,反手,3,2,拉球,普通,上旋,中路長球,未變線,相持段,1
3,12,孫穎莎(RSH),04:08,1,6,Y,5,正手,1,3,反拉,普通,上旋,正手長球,中路區->左手區,相持段,1
3,13,何卓佳(RSH),05:08,1,15,X,2,反手,5,3,搓球,弱,下旋,反手長球,未變線,相持段,0
3,13,何卓佳(RSH),05:08,1,15,X,4,反手,3,2,反拉,普通,上旋,中路長球,左手區->中路區,相持段,0
3,13,何卓佳(RSH),05:08,1,15,X,6,正手,1,3,拉球,普通,上旋,反手長球,中路區->左手區,相持段,0
3,13,何卓佳(RSH),05:08,1,15,X,8,反手,2,2,削球,普通,下旋,中路長球,左手區->中路區,相持段,0
3,13,何卓佳(RSH),05:08,1,15,X,10,正手,1,2,拉球,普通,上旋,中路長球,未變線,相持段,0
3,13,何卓佳(RSH),05:08,1,15,X,12,反手,2,5,削球,普通,下旋,中路長球,未變線,相持段,0
3,13,何卓佳(RSH),05:08,1,15,X,14,正手,1,0,拉球,普通,上旋,出界,未變線,相持段,0
3,14,何卓佳(RSH),05:09,0,9,X,2,正手,2,5,搓球,弱,下旋,中路短球,左手區->中路區,相持段,1
3,14,何卓佳(RSH),05:09,0,9,X,4,反手,5,3,搓球,弱,下旋,反手長球,中路區->左手區,相持段,1
3,14,何卓佳(RSH),05:09,0,9,X,6,反手,3,1,推擠,普通,上旋,正手長球,左手區->反手區,相持段,1
3,14,何卓佳(RSH),05:09,0,9,X,8,反手,2,1,推擠,普通,上旋,正手長球,未變線,相持段,1
3,15,孫穎莎(RSH),05:10,1,5,Y,1,正手,3,4,低拋式,弱,下旋,正手短球,未變線,相持段,1
3,15,孫穎莎(RSH),05:10,1,5,Y,3,反手,2,1,拉球,普通,上旋,正手長球,未變線,相持段,1
3,15,孫穎莎(RSH),05:10,1,5,Y,5,正手,2,1,拉球,普通,上旋,正手長球,未變線,相持段,1
3,16,孫穎莎(RSH),06:10,0,6,Y,1,正手,4,6,低拋式,弱,下旋,反手短球,未變線,相持段,0
3,16,孫穎莎(RSH),06:10,0,6,Y,3,正手,2,1,拉球,普通,上旋,正手長球,左手區->反手區,相持段,0
3,16,孫穎莎(RSH),06:10,0,6,Y,5,正手,2,0,反拉,普通,上旋,掛網,未變線,相持段,0
3,17,何卓佳(RSH),06:11,0,8,X,2,反手,6,5,搓球,弱,下旋,中路短球,未變線,相持段,1
3,17,何卓佳(RSH),06:11,0,8,X,4,反手,5,5,搓球,弱,下旋,中路短球,未變線,相持段,1
3,17,何卓佳(RSH),06:11,0,8,X,6,反手,3,3,拉球,普通,上旋,反手長球,中路區->左手區,相持段,1
3,17,何卓佳(RSH),06:11,0,8,X,8,正手,2,2,殺球,強,上旋,中路長球,左手區->中路區,相持段,1
4,1,孫穎莎(RSH),01:00,0,11,Y,1,正手,3,2,低拋式,弱,下旋,中路長球,未變線,相持段,0
4,1,孫穎莎(RSH),01:00,0,11,Y,3,反手,3,2,反拉,普通,上旋,中路長球,未變線,相持段,0
4,1,孫穎莎(RSH),01:00,0,11,Y,5,反手,3,3,反拉,普通,上旋,反手長球,中路區->左手區,相持段,0
4,1,孫穎莎(RSH),01:00,0,11,Y,7,反手,2,2,反拉,普通,上旋,中路長球,左手區->中路區,相持段,0
4,1,孫穎莎(RSH),01:00,0,11,Y,9,反手,3,2,反拉,普通,上旋,中路長球,未變線,相持段,0
4,1,孫穎莎(RSH),01:00,0,11,Y,11,反手,6,0,反拉,普通,上旋,出界,未變線,相持段,0
4,2,孫穎莎(RSH),01:01,1,5,Y,1,正手,3,2,低拋式,普通,下旋,中路長球,未變線,相持段,1
4,2,孫穎莎(RSH),01:01,1,5,Y,3,反手,2,3,拉球,普通,上旋,反手長球,中路區->左手區,相持段,1
4,2,孫穎莎(RSH),01:01,1,5,Y,5,正手,1,1,拉球,普通,上旋,正手長球,左手區->反手區,相持段,1
4,3,何卓佳(RSH),01:02,0,7,X,2,反手,2,2,拉球,普通,上旋,中路長球,左手區->中路區,相持段,1
4,3,何卓佳(RSH),01:02,0,7,X,4,反手,3,3,拉球,普通,上旋,反手長球,中路區->左手區,相持段,1
4,3,何卓佳(RSH),01:02,0,7,X,6,反手,3,2,拉球,普通,上旋,中路長球,左手區->中路區,相持段,1
4,4,何卓佳(RSH),01:03,0,5,X,2,反手,5,3,擰球,普通,上旋,反手長球,中路區->左手區,相持段,1
4,4,何卓佳(RSH),01:03,0,5,X,4,反手,3,3,拉球,普通,上旋,反手長球,未變線,相持段,1
4,5,孫穎莎(RSH),02:03,0,9,Y,1,正手,3,2,低拋式,弱,下旋,中路半出台,未變線,相持段,0
4,5,孫穎莎(RSH),02:03,0,9,Y,3,反手,2,3,拉球,普通,上旋,反手長球,中路區->左手區,相持段,0
4,5,孫穎莎(RSH),02:03,0,9,Y,5,反手,5,2,搓球,弱,下旋,中路長球,左手區->中路區,相持段,0
4,5,孫穎莎(RSH),02:03,0,9,Y,7,正手,1,3,擋球,普通,上旋,反手長球,中路區->左手區,相持段,0
4,5,孫穎莎(RSH),02:03,0,9,Y,9,反手,2,0,拉球,普通,上旋,出界,未變線,相持段,0
4,6,孫穎莎(RSH),02:04,1,6,Y,1,正手,3,5,低拋式,弱,下旋,中路短球,未變線,相持段,1
4,6,孫穎莎(RSH),02:04,1,6,Y,3,正手,1,1,拉球,普通,上旋,正手長球,中路區->反手區,相持段,1
4,6,孫穎莎(RSH),02:04,1,6,Y,5,正手,1,3,反拉,普通,上旋,反手長球,反手區->左手區,相持段,1
4,7,何卓佳(RSH),02:05,0,4,X,2,反手,6,1,搓球,弱,下旋,正手短球,中路區->反手區,接發球搶攻段,1
4,7,何卓佳(RSH),02:05,0,4,X,4,反手,3,6,殺球,強,上旋,反手長球,反手區->左手區,接發球搶攻段,1
4,8,何卓佳(RSH),03:05,1,6,X,2,正手,4,2,搓球,普通,下旋,中路長球,左手區->中路區,相持段,0
4,8,何卓佳(RSH),03:05,1,6,X,4,反手,2,2,搓球,弱,下旋,中路長球,未變線,相持段,0
4,8,何卓佳(RSH),03:05,1,6,X,6,正手,1,0,拉球,普通,上旋,出界,未變線,相持段,0
4,9,孫穎莎(RSH),03:06,0,16,Y,1,正手,3,5,低拋式,弱,下旋,中路短球,未變線,相持段,0
4,9,孫穎莎(RSH),03:06,0,16,Y,3,正手,1,1,拉球,普通,上旋,正手長球,中路區->反手區,相持段,0
4,9,孫穎莎(RSH),03:06,0,16,Y,5,正手,1,2,擋球,弱,上旋,中路長球,反手區->中路區,相持段,0
4,9,孫穎莎(RSH),03:06,0,16,Y,7,反手,3,3,反拉,普通,上旋,反手長球,中路區->左手區,相持段,0
4,9,孫穎莎(RSH),03:06,0,16,Y,9,反手,3,2,拉球,普通,上旋,中路長球,左手區->中路區,相持段,0
4,9,孫穎莎(RSH),03:06,0,16,Y,11,反手,2,3,拉球,普通,上旋,反手長球,中路區->左手區,相持段,0
4,9,孫穎莎(RSH),03:06,0,16,Y,13,反手,3,3,拉球,普通,上旋,反手長球,未變線,相持段,0
4,9,孫穎莎(RSH),03:06,0,16,Y,15,正手,1,1,拉球,普通,上旋,正手長球,左手區->反手區,相持段,0
4,10,孫穎莎(RSH),04:06,0,4,Y,1,正手,3,2,低拋式,弱,下旋,中路半出台,未變線,發球搶攻段,0
4,10,孫穎莎(RSH),04:06,0,4,Y,3,反手,2,2,拉球,普通,上旋,中路長球,未變線,發球搶攻段,0
4,11,何卓佳(RSH),04:07,0,12,X,2,正手,4,5,擺短,弱,下旋,中路短球,左手區->中路區,相持段,1
4,11,何卓佳(RSH),04:07,0,12,X,4,反手,2,3,拉球,普通,上旋,反手長球,中路區->左手區,相持段,1
4,11,何卓佳(RSH),04:07,0,12,X,6,反手,2,1,搓球,弱,下旋,正手長球,左手區->反手區,相持段,1
4,11,何卓佳(RSH),04:07,0,12,X,8,正手,1,2,推擠,普通,上旋,中路長球,反手區->中路區,相持段,1
4,11,何卓佳(RSH),04:07,0,12,X,10,反手,6,3,推擠,普通,上旋,反手長球,中路區->左手區,相持段,1
4,11,何卓佳(RSH),04:07,0,12,X,12,正手,3,1,拉球,強,上旋,正手長球,左手區->反手區,相持段,1
4,12,何卓佳(RSH),05:07,1,9,X,2,反手,5,2,搓球,弱,下旋,中路長球,左手區->中路區,相持段,0
4,12,何卓佳(RSH),05:07,1,9,X,4,反手,2,2,拉球,普通,上旋,中路長球,未變線,相持段,0
4,12,何卓佳(RSH),05:07,1,9,X,6,正手,1,3,反拉,普通,上旋,反手長球,中路區->左手區,相持段,0
4,12,何卓佳(RSH),05:07,1,9,X,8,反手,3,0,削球,普通,下旋,出界,未變線,相持段,0
4,13,孫穎莎(RSH),06:07,0,5,Y,1,正手,3,2,低拋式,普通,下旋,中路長球,未變線,相持段,0
4,13,孫穎莎(RSH),06:07,0,5,Y,3,反手,2,1,拉球,普通,上旋,正手長球,中路區->反手區,相持段,0
4,13,孫穎莎(RSH),06:07,0,5,Y,5,正手,1,0,反拉,普通,上旋,出界,未變線,相持段,0
4,14,孫穎莎(RSH),06:08,1,3,Y,1,正手,3,5,低拋式,弱,下旋,中路短球,未變線,發球搶攻段,1
4,14,孫穎莎(RSH),06:08,1,3,Y,3,正手,3,1,拉球,強,上旋,正手長球,中路區->反手區,發球搶攻段,1
4,15,何卓佳(RSH),06:09,0,5,X,2,正手,5,5,搓球,普通,上旋,中路短球,左手區->中路區,相持段,1
4,15,何卓佳(RSH),06:09,0,5,X,4,反手,3,3,拉球,普通,上旋,反手長球,中路區->左手區,相持段,1
4,16,何卓佳(RSH),07:09,1,8,X,2,反手,6,6,搓球,弱,下旋,反手短球,中路區->左手區,相持段,0
4,16,何卓佳(RSH),07:09,1,8,X,4,反手,2,2,拉球,普通,上旋,中路長球,左手區->中路區,相持段,0
4,16,何卓佳(RSH),07:09,1,8,X,6,正手,1,2,反拉,普通,上旋,中路長球,未變線,相持段,0
4,16,何卓佳(RSH),07:09,1,8,X,8,反手,3,0,擋球,普通,上旋,出界,未變線,相持段,0
4,17,孫穎莎(RSH),07:10,1,5,Y,1,正手,3,2,低拋式,弱,下旋,中路短球,未變線,相持段,1
4,17,孫穎莎(RSH),07:10,1,5,Y,3,反手,5,3,搓球,弱,下旋,反手長球,中路區->左手區,相持段,1
4,18,孫穎莎(RSH),08:10,0,7,Y,1,正手,3,5,低拋式,弱,下旋,中路短球,未變線,相持段,0
4,18,孫穎莎(RSH),08:10,0,7,Y,3,正手,4,1,拉球,普通,上旋,正手長球,中路區->反手區,相持段,0
4,18,孫穎莎(RSH),08:10,0,7,Y,5,正手,5,3,削球,普通,下旋,反手長球,反手區->左手區,相持段,0
4,18,孫穎莎(RSH),08:10,0,7,Y,7,反手,2,0,擋球,普通,上旋,出界,未變線,相持段,0
4,19,何卓佳(RSH),09:10,1,4,X,2,反手,2,5,搓球,弱,下旋,中路短球,左手區->中路區,接發球搶攻段,0
4,19,何卓佳(RSH),09:10,1,4,X,4,反手,3,0,拉球,普通,上旋,出界,未變線,接發球搶攻段,0
4,20,何卓佳(RSH),09:11,0,3,X,2,反手,2,2,搓球,弱,下旋,中路半出台,左手區->中路區,接發球搶攻段,1
1,1,Sofia POLCANOVA(LSH),00:01,0,3,X,2,正手,2,1,拉球,普通,上旋,反手長球,未變線,接發球搶攻段,1
1,2,Sofia POLCANOVA(LSH),00:02,0,3,X,2,正手,5,2,搓球,弱,下旋,中路長球,反手區->中路區,接發球搶攻段,1
1,3,孫穎莎(RSH),01:02,0,5,Y,1,正手,3,5,低拋式,普通,下旋,中路短球,未變線,相持段,0
1,3,孫穎莎(RSH),01:02,0,5,Y,3,反手,2,2,拉球,普通,上旋,中路長球,未變線,相持段,0
1,3,孫穎莎(RSH),01:02,0,5,Y,5,正手,2,0,拉球,普通,上旋,出界,未變線,相持段,0
1,4,孫穎莎(RSH),02:02,0,5,Y,1,正手,3,5,低拋式,普通,下旋,中路短球,未變線,相持段,0
1,4,孫穎莎(RSH),02:02,0,5,Y,3,反手,2,1,推擠,普通,上旋,反手長球,中路區->反手區,相持段,0
1,4,孫穎莎(RSH),02:02,0,5,Y,5,反手,2,0,推擠,普通,上旋,掛網,未變線,相持段,0
1,5,Sofia POLCANOVA(LSH),03:02,1,4,X,2,正手,5,2,搓球,弱,下旋,中路長球,反手區->中路區,接發球搶攻段,0
1,5,Sofia POLCANOVA(LSH),03:02,1,4,X,4,正手,2,0,反拉,普通,上旋,出界,未變線,接發球搶攻段,0
1,6,Sofia POLCANOVA(LSH),03:03,0,5,X,2,正手,2,1,拉球,普通,上旋,反手長球,未變線,相持段,1
1,6,Sofia POLCANOVA(LSH),03:03,0,5,X,4,正手,1,2,拉球,普通,上旋,中路長球,反手區->中路區,相持段,1
1,7,孫穎莎(RSH),03:04,1,8,Y,1,正手,3,2,低拋式,普通,下旋,中路半出台,未變線,相持段,1
1,7,孫穎莎(RSH),03:04,1,8,Y,3,反手,3,2,推擠,普通,上旋,中路長球,未變線,相持段,1
1,7,孫穎莎(RSH),03:04,1,8,Y,5,反手,2,2,推擠,普通,上旋,中路長球,未變線,相持段,1
1,7,孫穎莎(RSH),03:04,1,8,Y,7,反手,5,2,推擠,普通,上旋,中路長球,未變線,相持段,1
1,8,孫穎莎(RSH),03:05,1,2,Y,1,正手,3,5,低拋式,弱,下旋,中路短球,未變線,發球搶攻段,1
1,9,Sofia POLCANOVA(LSH),04:05,1,2,X,2,正手,2,0,搓球,弱,下旋,出界,未變線,接發球搶攻段,0
1,10,Sofia POLCANOVA(LSH),05:05,1,6,X,2,正手,2,1,拉球,普通,上旋,反手長球,未變線,相持段,0
1,10,Sofia POLCANOVA(LSH),05:05,1,6,X,4,反手,2,2,拉球,普通,上旋,中路長球,反手區->中路區,相持段,0
1,10,Sofia POLCANOVA(LSH),05:05,1,6,X,6,正手,2,0,快帶,普通,上旋,掛網,未變線,相持段,0
1,11,孫穎莎(RSH),05:06,1,6,Y,1,正手,3,5,低拋式,弱,下旋,中路短球,未變線,相持段,1
1,11,孫穎莎(RSH),05:06,1,6,Y,3,反手,3,2,搓球,弱,下旋,中路半出台,未變線,相持段,1
1,11,孫穎莎(RSH),05:06,1,6,Y,5,反手,3,2,推擠,普通,上旋,中路長球,未變線,相持段,1
1,12,孫穎莎(RSH),05:07,1,4,Y,1,正手,3,5,低拋式,弱,下旋,中路短球,未變線,發球搶攻段,1
1,12,孫穎莎(RSH),05:07,1,4,Y,3,正手,5,1,殺球,強,上旋,反手長球,中路區->反手區,發球搶攻段,1
1,13,Sofia POLCANOVA(LSH),06:07,1,2,X,2,反手,2,0,拉球,普通,上旋,出界,未變線,接發球搶攻段,0
1,14,Sofia POLCANOVA(LSH),07:07,1,6,X,2,反手,5,6,搓球,弱,下旋,正手短球,反手區->左手區,相持段,0
1,14,Sofia POLCANOVA(LSH),07:07,1,6,X,4,反手,2,2,擋球,普通,上旋,中路長球,左手區->中路區,相持段,0
1,14,Sofia POLCANOVA(LSH),07:07,1,6,X,6,正手,2,0,拉球,普通,上旋,出界,未變線,相持段,0
1,15,孫穎莎(RSH),07:08,1,6,Y,1,正手,3,2,低拋式,弱,下旋,中路半出台,未變線,相持段,1
1,15,孫穎莎(RSH),07:08,1,6,Y,3,反手,3,3,拉球,強,上旋,正手長球,中路區->左手區,相持段,1
1,15,孫穎莎(RSH),07:08,1,6,Y,5,正手,2,1,反拉,普通,上旋,反手長球,左手區->反手區,相持段,1
1,16,孫穎莎(RSH),07:09,1,4,Y,1,正手,3,6,低拋式,普通,下旋,正手短球,未變線,發球搶攻段,1
1,16,孫穎莎(RSH),07:09,1,4,Y,3,反手,2,1,快帶,普通,上旋,反手長球,左手區->反手區,發球搶攻段,1
1,17,Sofia POLCANOVA(LSH),08:09,1,4,X,2,正手,5,1,搓球,弱,下旋,反手長球,未變線,接發球搶攻段,0
1,17,Sofia POLCANOVA(LSH),08:09,1,4,X,4,正手,2,0,反拉,普通,上旋,掛網,未變線,接發球搶攻段,0
1,18,Sofia POLCANOVA(LSH),08:10,0,3,X,2,反手,2,2,拉球,普通,上旋,中路長球,反手區->中路區,接發球搶攻段,1
1,19,孫穎莎(RSH),08:11,1,6,Y,1,正手,3,5,低拋式,弱,下旋,中路短球,未變線,相持段,1
1,19,孫穎莎(RSH),08:11,1,6,Y,3,反手,2,2,快帶,普通,上旋,中路長球,未變線,相持段,1
1,19,孫穎莎(RSH),08:11,1,6,Y,5,反手,2,2,推擠,普通,上旋,中路長球,未變線,相持段,1
2,1,孫穎莎(RSH),01:00,0,3,Y,1,正手,3,2,低拋式,普通,下旋,中路長球,未變線,發球搶攻段,0
2,1,孫穎莎(RSH),01:00,0,3,Y,3,正手,1,0,反拉,普通,上旋,出界,未變線,發球搶攻段,0
2,2,孫穎莎(RSH),01:01,1,2,Y,1,正手,3,5,低拋式,弱,下旋,中路半出台,未變線,發球搶攻段,1
2,3,Sofia POLCANOVA(LSH),01:02,0,3,X,2,正手,5,5,搓球,弱,下旋,中路短球,反手區->中路區,接發球搶攻段,1
2,4,Sofia POLCANOVA(LSH),01:03,0,5,X,2,反手,5,3,搓球,弱,下旋,正手短球,其他->左手區,相持段,1
2,4,Sofia POLCANOVA(LSH),01:03,0,5,X,4,正手,5,1,殺球,普通,上旋,反手長球,左手區->反手區,相持段,1
2,5,孫穎莎(RSH),01:04,1,1,Y,1,正手,3,5,低拋式,弱,下旋,中路短球,未變線,發球搶攻段,1
2,6,孫穎莎(RSH),01:05,1,3,Y,1,正手,3,4,低拋式,弱,下旋,反手短球,未變線,發球搶攻段,1
2,6,孫穎莎(RSH),01:05,1,3,Y,3,反手,2,3,拉球,普通,上旋,正手長球,反手區->左手區,發球搶攻段,1
2,7,Sofia POLCANOVA(LSH),02:05,1,4,X,2,反手,5,3,搓球,普通,下旋,正手長球,中路區->左手區,接發球搶攻段,0
2,7,Sofia POLCANOVA(LSH),02:05,1,4,X,4,正手,2,0,反拉,普通,上旋,掛網,未變線,接發球搶攻段,0
2,8,Sofia POLCANOVA(LSH),02:06,0,5,X,2,反手,6,5,搓球,弱,下旋,中路短球,反手區->中路區,相持段,1
2,8,Sofia POLCANOVA(LSH),02:06,0,5,X,4,反手,5,2,搓球,弱,下旋,中路長球,未變線,相持段,1
2,9,孫穎莎(RSH),02:07,1,4,Y,1,正手,3,2,低拋式,普通,下旋,中路長球,未變線,發球搶攻段,1
2,9,孫穎莎(RSH),02:07,1,4,Y,3,反手,2,2,拉球,普通,上旋,中路長球,未變線,發球搶攻段,1
2,10,孫穎莎(RSH),02:08,1,2,Y,1,正手,3,5,低拋式,弱,下旋,中路短球,未變線,發球搶攻段,1
2,11,Sofia POLCANOVA(LSH),03:08,1,2,X,2,正手,2,0,拉球,普通,上旋,出界,未變線,接發球搶攻段,0
2,12,Sofia POLCANOVA(LSH),04:08,1,14,X,2,正手,2,3,拉球,強,上旋,正手長球,反手區->左手區,相持段,0
2,12,Sofia POLCANOVA(LSH),04:08,1,14,X,4,正手,2,6,快帶,普通,上旋,正手長球,未變線,相持段,0
2,12,Sofia POLCANOVA(LSH),04:08,1,14,X,6,反手,3,2,擋球,普通,上旋,中路長球,左手區->中路區,相持段,0
2,12,Sofia POLCANOVA(LSH),04:08,1,14,X,8,正手,2,3,拉球,普通,上旋,正手長球,中路區->左手區,相持段,0
2,12,Sofia POLCANOVA(LSH),04:08,1,14,X,10,反手,3,2,推擠,普通,上旋,中路長球,左手區->中路區,相持段,0
2,12,Sofia POLCANOVA(LSH),04:08,1,14,X,12,反手,2,2,反拉,普通,上旋,中路長球,未變線,相持段,0
2,12,Sofia POLCANOVA(LSH),04:08,1,14,X,14,正手,2,0,反拉,普通,上旋,掛網,未變線,相持段,0
2,13,孫穎莎(RSH),05:08,0,18,Y,1,正手,3,5,低拋式,弱,下旋,中路短球,未變線,相持段,0
2,13,孫穎莎(RSH),05:08,0,18,Y,3,正手,2,2,快帶,普通,上旋,中路長球,未變線,相持段,0
2,13,孫穎莎(RSH),05:08,0,18,Y,5,正手,2,2,反拉,普通,上旋,中路長球,未變線,相持段,0
2,13,孫穎莎(RSH),05:08,0,18,Y,7,反手,2,2,擋球,普通,上旋,中路長球,未變線,相持段,0
2,13,孫穎莎(RSH),05:08,0,18,Y,9,反手,6,2,擋球,普通,上旋,中路長球,未變線,相持段,0
2,13,孫穎莎(RSH),05:08,0,18,Y,11,反手,2,2,推擠,普通,上旋,中路長球,未變線,相持段,0
2,13,孫穎莎(RSH),05:08,0,18,Y,13,正手,5,3,反拉,普通,上旋,正手長球,中路區->左手區,相持段,0
2,13,孫穎莎(RSH),05:08,0,18,Y,15,反手,3,2,推擠,普通,上旋,中路長球,左手區->中路區,相持段,0
2,13,孫穎莎(RSH),05:08,0,18,Y,17,正手,1,0,擋球,普通,上旋,出界,未變線,相持段,0
2,14,孫穎莎(RSH),05:09,1,4,Y,1,正手,3,5,低拋式,弱,下旋,中路短球,未變線,發球搶攻段,1
2,14,孫穎莎(RSH),05:09,1,4,Y,3,正手,1,1,拉球,普通,上旋,反手長球,中路區->反手區,發球搶攻段,1
2,15,Sofia POLCANOVA(LSH),05:10,0,7,X,2,反手,3,3,拉球,普通,上旋,正手長球,反手區->左手區,相持段,1
2,15,Sofia POLCANOVA(LSH),05:10,0,7,X,4,反手,3,2,推擠,普通,上旋,正手長球,左手區->中路區,相持段,1
2,15,Sofia POLCANOVA(LSH),05:10,0,7,X,6,反手,2,2,推擠,普通,上旋,中路長球,未變線,相持段,1
2,16,Sofia POLCANOVA(LSH),06:10,1,4,X,2,正手,4,2,拉球,普通,上旋,中路長球,未變線,接發球搶攻段,0
2,16,Sofia POLCANOVA(LSH),06:10,1,4,X,4,正手,2,0,拉球,普通,上旋,掛網,未變線,接發球搶攻段,0
2,17,孫穎莎(RSH),06:11,1,4,Y,1,正手,3,2,低拋式,普通,下旋,中路半出台,未變線,發球搶攻段,1
2,17,孫穎莎(RSH),06:11,1,4,Y,3,正手,2,1,拉球,普通,上旋,反手長球,中路區->反手區,發球搶攻段,1
3,1,Sofia POLCANOVA(LSH),01:00,1,4,X,2,正手,5,2,搓球,普通,下旋,中路長球,反手區->中路區,接發球搶攻段,0
3,1,Sofia POLCANOVA(LSH),01:00,1,4,X,4,正手,2,0,反拉,普通,上旋,出界,未變線,接發球搶攻段,0
3,2,Sofia POLCANOVA(LSH),01:01,0,7,X,2,正手,2,2,搓球,普通,下旋,中路長球,反手區->中路區,相持段,1
3,2,Sofia POLCANOVA(LSH),01:01,0,7,X,4,反手,2,3,推擠,普通,上旋,正手長球,中路區->左手區,相持段,1
3,2,Sofia POLCANOVA(LSH),01:01,0,7,X,6,正手,2,2,拉球,普通,上旋,中路長球,左手區->中路區,相持段,1
3,3,孫穎莎(RSH),01:02,1,2,Y,1,正手,3,2,低拋式,普通,下旋,中路長球,未變線,發球搶攻段,1
3,4,孫穎莎(RSH),01:03,1,4,Y,1,正手,3,5,低拋式,弱,下旋,中路短球,未變線,發球搶攻段,1
3,4,孫穎莎(RSH),01:03,1,4,Y,3,反手,2,2,推擠,普通,上旋,中路長球,未變線,發球搶攻段,1
3,5,Sofia POLCANOVA(LSH),02:03,1,2,X,2,反手,5,0,搓球,弱,下旋,出界,未變線,接發球搶攻段,0
3,6,Sofia POLCANOVA(LSH),02:04,0,5,X,2,反手,5,3,擰球,普通,上旋,正手長球,反手區->左手區,相持段,1
3,6,Sofia POLCANOVA(LSH),02:04,0,5,X,4,反手,2,2,推擠,普通,上旋,中路長球,左手區->中路區,相持段,1
3,7,孫穎莎(RSH),02:05,1,2,Y,1,正手,3,2,低拋式,普通,下旋,中路長球,未變線,發球搶攻段,1
3,8,孫穎莎(RSH),03:05,0,5,Y,1,正手,3,2,低拋式,普通,下旋,中路半出台,未變線,相持段,0
3,8,孫穎莎(RSH),03:05,0,5,Y,3,正手,2,1,拉球,普通,上旋,反手長球,中路區->反手區,相持段,0
3,8,孫穎莎(RSH),03:05,0,5,Y,5,反手,3,0,推擠,普通,上旋,出界,未變線,相持段,0
3,10,Sofia POLCANOVA(LSH),04:06,1,2,X,2,反手,5,0,擰球,普通,上旋,掛網,未變線,接發球搶攻段,0
3,11,孫穎莎(RSH),04:07,1,3,Y,1,正手,3,1,低拋式,普通,下旋,反手長球,未變線,發球搶攻段,1
3,11,孫穎莎(RSH),04:07,1,3,Y,3,正手,2,3,拉球,強,上旋,正手長球,反手區->左手區,發球搶攻段,1
3,12,孫穎莎(RSH),04:08,1,3,Y,1,正手,3,5,低拋式,弱,下旋,正手半出台,未變線,發球搶攻段,1
3,12,孫穎莎(RSH),04:08,1,3,Y,3,正手,5,3,反拉,普通,上旋,正手長球,中路區->左手區,發球搶攻段,1
3,13,Sofia POLCANOVA(LSH),05:08,1,13,X,2,反手,3,6,拉球,普通,上旋,正手長球,反手區->左手區,相持段,0
3,13,Sofia POLCANOVA(LSH),05:08,1,13,X,4,正手,5,3,反拉,普通,上旋,正手長球,未變線,相持段,0
3,13,Sofia POLCANOVA(LSH),05:08,1,13,X,6,正手,2,2,反拉,強,上旋,中路長球,左手區->中路區,相持段,0
3,13,Sofia POLCANOVA(LSH),05:08,1,13,X,8,正手,2,3,拉球,普通,上旋,正手長球,中路區->左手區,相持段,0
3,13,Sofia POLCANOVA(LSH),05:08,1,13,X,10,反手,2,1,推擠,普通,上旋,反手長球,左手區->反手區,相持段,0
3,13,Sofia POLCANOVA(LSH),05:08,1,13,X,12,正手,1,2,快帶,普通,上旋,中路長球,反手區->中路區,相持段,0
3,14,Sofia POLCANOVA(LSH),05:09,0,3,X,2,正手,2,1,搓球,普通,下旋,反手長球,未變線,接發球搶攻段,1
3,15,孫穎莎(RSH),06:09,0,7,Y,1,正手,2,5,低拋式,弱,下旋,中路短球,未變線,相持段,0
3,15,孫穎莎(RSH),06:09,0,7,Y,3,反手,3,2,拉球,普通,上旋,中路長球,未變線,相持段,0
3,15,孫穎莎(RSH),06:09,0,7,Y,5,反手,3,2,擋球,普通,上旋,中路長球,未變線,相持段,0
3,15,孫穎莎(RSH),06:09,0,7,Y,7,反手,2,0,擋球,普通,上旋,出界,未變線,相持段,0
3,16,孫穎莎(RSH),06:10,1,4,Y,1,正手,3,5,低拋式,弱,下旋,中路短球,未變線,發球搶攻段,1
3,16,孫穎莎(RSH),06:10,1,4,Y,3,正手,2,3,拉球,普通,上旋,正手長球,中路區->左手區,發球搶攻段,1
3,17,Sofia POLCANOVA(LSH),06:11,0,3,X,2,正手,1,2,拉球,普通,上旋,中路長球,反手區->中路區,接發球搶攻段,1
1,1,Miyuu KIHARA(RSH),01:00,1,4,X,2,正手,5,3,搓球,弱,下旋,反手長球,中路區->左手區,接發球搶攻段,0
1,1,Miyuu KIHARA(RSH),01:00,1,4,X,4,反手,3,0,快帶,普通,上旋,出界,未變線,接發球搶攻段,0
1,2,Miyuu KIHARA(RSH),02:00,1,4,X,2,正手,2,1,拉球,普通,上旋,正手長球,左手區->反手區,接發球搶攻段,0
1,2,Miyuu KIHARA(RSH),02:00,1,4,X,4,正手,2,0,快帶,普通,上旋,掛網,未變線,接發球搶攻段,0
1,3,孫穎莎(RSH),03:00,0,5,Y,1,正手,3,3,低拋式,普通,下旋,反手長球,未變線,相持段,0
1,3,孫穎莎(RSH),03:00,0,5,Y,3,反手,3,3,拉球,強,上旋,反手長球,未變線,相持段,0
1,3,孫穎莎(RSH),03:00,0,5,Y,5,正手,2,0,快帶,普通,上旋,掛網,未變線,相持段,0
1,4,孫穎莎(RSH),03:01,1,4,Y,1,正手,3,1,低拋式,弱,下旋,正手短球,未變線,發球搶攻段,1
1,4,孫穎莎(RSH),03:01,1,4,Y,3,正手,2,3,拉球,強,上旋,反手長球,反手區->左手區,發球搶攻段,1
1,5,Miyuu KIHARA(RSH),04:01,1,8,X,2,正手,5,2,搓球,弱,下旋,中路半出台,未變線,相持段,0
1,5,Miyuu KIHARA(RSH),04:01,1,8,X,4,反手,2,3,推擠,普通,上旋,反手長球,中路區->左手區,相持段,0
1,5,Miyuu KIHARA(RSH),04:01,1,8,X,6,正手,2,2,拉球,普通,上旋,中路長球,左手區->中路區,相持段,0
1,5,Miyuu KIHARA(RSH),04:01,1,8,X,8,反手,3,0,推擠,普通,上旋,出界,未變線,相持段,0
1,6,Miyuu KIHARA(RSH),04:02,0,3,X,2,反手,5,2,擰球,普通,上旋,中路長球,左手區->中路區,接發球搶攻段,1
1,7,孫穎莎(RSH),04:03,1,2,Y,1,正手,3,3,低拋式,普通,下旋,反手長球,未變線,發球搶攻段,1
1,8,孫穎莎(RSH),05:03,0,5,Y,1,正手,3,3,低拋式,普通,下旋,反手長球,未變線,相持段,0
1,8,孫穎莎(RSH),05:03,0,5,Y,3,反手,2,3,拉球,普通,上旋,反手長球,未變線,相持段,0
1,8,孫穎莎(RSH),05:03,0,5,Y,5,正手,2,0,拉球,普通,上旋,掛網,未變線,相持段,0
1,9,Miyuu KIHARA(RSH),05:04,0,5,X,2,正手,2,3,拉球,普通,上旋,反手長球,中路區->左手區,相持段,1
1,9,Miyuu KIHARA(RSH),05:04,0,5,X,4,反手,3,1,拉球,普通,上旋,正手長球,左手區->反手區,相持段,1
1,10,Miyuu KIHARA(RSH),06:04,1,2,X,2,正手,3,0,拉球,普通,上旋,出界,未變線,接發球搶攻段,0
1,11,孫穎莎(RSH),06:05,1,2,Y,1,正手,3,4,低拋式,弱,下旋,正手短球,未變線,發球搶攻段,1
1,12,孫穎莎(RSH),06:06,1,10,Y,1,正手,3,4,低拋式,弱,下旋,正手短球,未變線,相持段,1
1,12,孫穎莎(RSH),06:06,1,10,Y,3,反手,3,3,拉球,普通,上旋,反手長球,反手區->左手區,相持段,1
1,12,孫穎莎(RSH),06:06,1,10,Y,5,反手,2,2,拉球,普通,上旋,中路長球,左手區->中路區,相持段,1
1,12,孫穎莎(RSH),06:06,1,10,Y,7,反手,2,2,拉球,普通,上旋,中路長球,未變線,相持段,1
1,12,孫穎莎(RSH),06:06,1,10,Y,9,反手,2,2,推擠,普通,上旋,中路長球,未變線,相持段,1
1,13,Miyuu KIHARA(RSH),06:07,0,5,X,2,反手,5,3,搓球,弱,下旋,反手長球,中路區->左手區,相持段,1
1,13,Miyuu KIHARA(RSH),06:07,0,5,X,4,反手,3,2,反拉,普通,上旋,中路長球,左手區->中路區,相持段,1
1,14,Miyuu KIHARA(RSH),06:08,0,3,X,2,正手,1,2,拉球,普通,上旋,中路長球,未變線,接發球搶攻段,1
1,15,孫穎莎(RSH),06:09,1,6,Y,1,正手,3,4,低拋式,弱,下旋,正手短球,未變線,相持段,1
1,15,孫穎莎(RSH),06:09,1,6,Y,3,反手,6,3,搓球,弱,下旋,反手長球,反手區->左手區,相持段,1
1,15,孫穎莎(RSH),06:09,1,6,Y,5,反手,3,3,殺球,普通,上旋,反手長球,未變線,相持段,1
1,16,孫穎莎(RSH),06:10,1,6,Y,1,正手,3,4,低拋式,弱,下旋,正手短球,未變線,相持段,1
1,16,孫穎莎(RSH),06:10,1,6,Y,3,正手,1,3,拉球,強,上旋,反手長球,反手區->左手區,相持段,1
1,16,孫穎莎(RSH),06:10,1,6,Y,5,正手,2,1,殺球,強,上旋,正手長球,左手區->反手區,相持段,1
1,17,Miyuu KIHARA(RSH),07:10,1,4,X,4,反手,2,0,推擠,普通,上旋,出界,未變線,接發球搶攻段,0
1,18,Miyuu KIHARA(RSH),08:10,1,10,X,2,正手,5,3,拉球,普通,上旋,反手長球,中路區->左手區,相持段,0
1,18,Miyuu KIHARA(RSH),08:10,1,10,X,4,反手,3,5,推擠,普通,上旋,中路長球,左手區->中路區,相持段,0
1,18,Miyuu KIHARA(RSH),08:10,1,10,X,6,反手,3,3,推擠,普通,上旋,反手長球,中路區->左手區,相持段,0
1,18,Miyuu KIHARA(RSH),08:10,1,10,X,8,反手,2,6,擋球,普通,上旋,反手長球,未變線,相持段,0
1,18,Miyuu KIHARA(RSH),08:10,1,10,X,10,反手,3,0,擋球,普通,上旋,掛網,未變線,相持段,0
1,19,孫穎莎(RSH),08:11,1,6,Y,1,正手,3,1,低拋式,普通,下旋,正手半出台,未變線,相持段,1
1,19,孫穎莎(RSH),08:11,1,6,Y,3,反手,3,3,拉球,普通,上旋,反手長球,反手區->左手區,相持段,1
1,19,孫穎莎(RSH),08:11,1,6,Y,5,反手,3,5,拉球,普通,上旋,中路長球,左手區->中路區,相持段,1
2,1,孫穎莎(RSH),01:00,0,3,Y,1,正手,3,2,低拋式,普通,下旋,中路長球,未變線,發球搶攻段,0
2,1,孫穎莎(RSH),01:00,0,3,Y,3,正手,2,0,殺球,強,上旋,出界,未變線,發球搶攻段,0
2,2,孫穎莎(RSH),02:00,0,6,Y,1,正手,3,1,低拋式,普通,下旋,正手長球,未變線,相持段,0
2,2,孫穎莎(RSH),02:00,0,6,Y,3,正手,1,3,拉球,普通,上旋,反手長球,反手區->左手區,相持段,0
2,2,孫穎莎(RSH),02:00,0,6,Y,5,反手,2,1,拉球,普通,上旋,正手長球,左手區->反手區,相持段,0
2,3,Miyuu KIHARA(RSH),02:01,0,7,X,2,反手,3,2,拉球,普通,上旋,中路長球,未變線,相持段,1
2,3,Miyuu KIHARA(RSH),02:01,0,7,X,4,反手,2,3,拉球,普通,上旋,反手長球,中路區->左手區,相持段,1
2,3,Miyuu KIHARA(RSH),02:01,0,7,X,6,反手,2,5,快帶,普通,上旋,中路長球,左手區->中路區,相持段,1
2,4,Miyuu KIHARA(RSH),02:02,0,11,X,2,正手,5,2,搓球,弱,下旋,中路長球,未變線,相持段,1
2,4,Miyuu KIHARA(RSH),02:02,0,11,X,4,正手,1,2,快帶,普通,上旋,中路長球,未變線,相持段,1
2,4,Miyuu KIHARA(RSH),02:02,0,11,X,6,正手,1,2,反拉,普通,上旋,中路長球,未變線,相持段,1
2,4,Miyuu KIHARA(RSH),02:02,0,11,X,8,正手,5,1,快帶,普通,上旋,正手長球,中路區->反手區,相持段,1
2,4,Miyuu KIHARA(RSH),02:02,0,11,X,10,正手,1,2,反拉,普通,上旋,中路長球,反手區->中路區,相持段,1
2,5,孫穎莎(RSH),03:02,0,5,Y,1,正手,3,3,低拋式,普通,下旋,反手長球,未變線,相持段,0
2,5,孫穎莎(RSH),03:02,0,5,Y,3,正手,1,3,拉球,普通,上旋,反手長球,未變線,相持段,0
2,5,孫穎莎(RSH),03:02,0,5,Y,5,反手,5,0,削球,普通,下旋,掛網,未變線,相持段,0
2,6,孫穎莎(RSH),04:02,0,3,Y,1,正手,3,3,低拋式,弱,下旋,反手長球,未變線,發球搶攻段,0
2,6,孫穎莎(RSH),04:02,0,3,Y,3,反手,2,0,拉球,普通,上旋,出界,未變線,發球搶攻段,0
2,7,Miyuu KIHARA(RSH),04:03,0,5,X,2,反手,6,2,搓球,弱,下旋,中路長球,未變線,相持段,1
2,7,Miyuu KIHARA(RSH),04:03,0,5,X,4,正手,1,1,快帶,普通,上旋,正手長球,中路區->反手區,相持段,1
2,8,Miyuu KIHARA(RSH),04:04,0,6,X,2,正手,5,5,擺短,弱,下旋,中路短球,未變線,相持段,1
2,8,Miyuu KIHARA(RSH),04:04,0,6,X,4,反手,3,1,拉球,普通,上旋,正手長球,中路區->反手區,相持段,1
2,8,Miyuu KIHARA(RSH),04:04,0,6,X,6,正手,5,2,拉球,普通,上旋,中路長球,反手區->中路區,相持段,1
2,9,孫穎莎(RSH),04:05,1,6,Y,1,正手,3,4,低拋式,弱,下旋,正手短球,未變線,相持段,1
2,9,孫穎莎(RSH),04:05,1,6,Y,3,反手,5,3,搓球,普通,上旋,反手長球,反手區->左手區,相持段,1
2,9,孫穎莎(RSH),04:05,1,6,Y,5,反手,2,3,推擠,普通,上旋,反手長球,未變線,相持段,1
2,10,孫穎莎(RSH),04:06,1,6,Y,1,正手,3,1,低拋式,弱,下旋,正手半出台,未變線,相持段,1
2,10,孫穎莎(RSH),04:06,1,6,Y,3,正手,2,3,拉球,普通,上旋,反手長球,反手區->左手區,相持段,1
2,10,孫穎莎(RSH),04:06,1,6,Y,5,反手,3,1,拉球,普通,上旋,正手長球,左手區->反手區,相持段,1
2,11,Miyuu KIHARA(RSH),05:06,1,4,X,2,反手,5,3,搓球,弱,下旋,反手長球,中路區->左手區,接發球搶攻段,0
2,11,Miyuu KIHARA(RSH),05:06,1,4,X,4,反手,2,0,推擠,普通,上旋,出界,未變線,接發球搶攻段,0
2,12,Miyuu KIHARA(RSH),05:07,0,3,X,2,反手,6,2,搓球,弱,下旋,中路長球,未變線,接發球搶攻段,1
2,13,孫穎莎(RSH),06:07,0,7,Y,1,正手,3,5,低拋式,弱,下旋,中路半出台,未變線,相持段,0
2,13,孫穎莎(RSH),06:07,0,7,Y,3,反手,3,2,拉球,普通,上旋,中路長球,未變線,相持段,0
2,13,孫穎莎(RSH),06:07,0,7,Y,5,反手,2,2,推擠,普通,上旋,中路長球,未變線,相持段,0
2,13,孫穎莎(RSH),06:07,0,7,Y,7,反手,2,0,擋球,普通,上旋,出界,未變線,相持段,0
2,14,孫穎莎(RSH),07:07,0,3,Y,1,正手,3,1,低拋式,普通,下旋,正手半出台,未變線,發球搶攻段,0
2,14,孫穎莎(RSH),07:07,0,3,Y,3,正手,1,0,拉球,強,上旋,出界,未變線,發球搶攻段,0
2,15,Miyuu KIHARA(RSH),07:08,0,3,X,2,反手,3,2,拉球,普通,上旋,中路長球,未變線,接發球搶攻段,1
2,17,孫穎莎(RSH),07:10,1,7,Y,1,正手,2,6,低拋式,弱,下旋,反手短球,未變線,相持段,1
2,17,孫穎莎(RSH),07:10,1,7,Y,3,正手,5,5,擺短,弱,下旋,中路半出台,左手區->中路區,相持段,1
2,17,孫穎莎(RSH),07:10,1,7,Y,5,反手,3,3,快帶,普通,上旋,反手長球,中路區->左手區,相持段,1
2,17,孫穎莎(RSH),07:10,1,7,Y,7,正手,2,1,殺球,強,上旋,正手長球,左手區->反手區,相持段,1
2,18,孫穎莎(RSH),07:11,1,2,Y,1,正手,3,5,低拋式,弱,下旋,中路短球,未變線,發球搶攻段,1
3,1,Miyuu KIHARA(RSH),00:01,0,3,X,2,反手,3,2,推擠,普通,上旋,中路長球,未變線,接發球搶攻段,1
3,2,Miyuu KIHARA(RSH),01:01,1,2,X,2,正手,5,0,拉球,強,上旋,出界,未變線,接發球搶攻段,0
3,3,孫穎莎(RSH),01:02,1,2,Y,1,正手,3,3,低拋式,普通,下旋,反手長球,未變線,發球搶攻段,1
3,4,孫穎莎(RSH),01:03,1,4,Y,1,正手,3,4,低拋式,弱,下旋,正手短球,未變線,發球搶攻段,1
3,4,孫穎莎(RSH),01:03,1,4,Y,3,反手,3,2,拉球,普通,上旋,中路長球,反手區->中路區,發球搶攻段,1
3,5,Miyuu KIHARA(RSH),01:04,0,2,X,2,反手,5,5,搓球,弱,下旋,中路短球,未變線,接發球搶攻段,1
3,6,Miyuu KIHARA(RSH),01:05,0,3,X,2,正手,5,2,搓球,弱,下旋,中路長球,未變線,接發球搶攻段,1
3,7,孫穎莎(RSH),01:06,1,10,Y,1,正手,3,4,低拋式,弱,下旋,正手短球,未變線,相持段,1
3,7,孫穎莎(RSH),01:06,1,10,Y,3,反手,3,3,搓球,普通,下旋,反手長球,反手區->左手區,相持段,1
3,7,孫穎莎(RSH),01:06,1,10,Y,5,反手,2,3,拉球,弱,上旋,反手長球,未變線,相持段,1
3,7,孫穎莎(RSH),01:06,1,10,Y,7,正手,2,6,拉球,普通,上旋,反手長球,未變線,相持段,1
3,7,孫穎莎(RSH),01:06,1,10,Y,9,反手,2,2,削球,弱,下旋,中路半出台,左手區->中路區,相持段,1
3,8,孫穎莎(RSH),02:06,0,11,Y,1,正手,3,2,低拋式,弱,下旋,中路短球,未變線,相持段,0
3,8,孫穎莎(RSH),02:06,0,11,Y,3,反手,3,1,推擠,普通,上旋,正手長球,中路區->反手區,相持段,0
3,8,孫穎莎(RSH),02:06,0,11,Y,5,反手,2,3,擋球,普通,上旋,反手長球,反手區->左手區,相持段,0
3,8,孫穎莎(RSH),02:06,0,11,Y,7,反手,2,3,推擠,普通,上旋,反手長球,未變線,相持段,0
3,8,孫穎莎(RSH),02:06,0,11,Y,9,反手,2,2,推擠,普通,上旋,中路長球,左手區->中路區,相持段,0
3,8,孫穎莎(RSH),02:06,0,11,Y,11,反手,3,0,擋球,普通,上旋,出界,未變線,相持段,0
3,9,Miyuu KIHARA(RSH),02:07,0,5,X,2,反手,3,2,快帶,普通,上旋,中路長球,左手區->中路區,相持段,1
3,9,Miyuu KIHARA(RSH),02:07,0,5,X,4,反手,3,2,快帶,普通,上旋,中路長球,未變線,相持段,1
3,10,Miyuu KIHARA(RSH),02:08,0,3,X,2,正手,2,2,拉球,普通,上旋,中路長球,其他->中路區,接發球搶攻段,1
3,11,孫穎莎(RSH),03:08,0,2,Y,1,正手,3,1,低拋式,弱,下旋,中路半出台,未變線,發球搶攻段,0
3,12,孫穎莎(RSH),03:09,1,4,Y,1,正手,3,1,低拋式,弱,下旋,中路半出台,未變線,發球搶攻段,1
3,12,孫穎莎(RSH),03:09,1,4,Y,3,正手,1,3,擋球,普通,上旋,反手長球,反手區->左手區,發球搶攻段,1
3,13,Miyuu KIHARA(RSH),03:10,0,3,X,2,正手,2,3,拉球,普通,上旋,反手長球,未變線,接發球搶攻段,1
3,14,Miyuu KIHARA(RSH),03:11,0,4,X,2,正手,5,2,搓球,弱,下旋,中路長球,未變線,接發球搶攻段,1
3,14,Miyuu KIHARA(RSH),03:11,0,4,X,4,正手,3,3,拉球,強,上旋,反手長球,中路區->左手區,接發球搶攻段,1
1,1,孫穎莎(RSH),01:00,1,5,X,1,正手,3,5,低拋式,弱,下旋,中路短球,未變線,相持段,1
1,1,孫穎莎(RSH),01:00,1,5,X,3,反手,3,3,拉球,普通,上旋,反手長球,中路區->左手區,相持段,1
1,1,孫穎莎(RSH),01:00,1,5,X,5,正手,2,1,拉球,普通,上旋,正手長球,左手區->反手區,相持段,1
1,2,孫穎莎(RSH),02:00,1,6,X,1,正手,3,5,低拋式,弱,下旋,中路半出台,未變線,相持段,1
1,2,孫穎莎(RSH),02:00,1,6,X,3,反手,2,3,快帶,弱,上旋,反手長球,中路區->左手區,相持段,1
1,2,孫穎莎(RSH),02:00,1,6,X,5,反手,2,6,反拉,普通,上旋,中路長球,未變線,相持段,1
1,3,王藝迪(RSH),03:00,0,2,Y,2,正手,5,4,擺短,弱,下旋,正手短球,左手區->反手區,接發球搶攻段,1
1,4,王藝迪(RSH),04:00,0,3,Y,2,正手,5,4,擺短,弱,下旋,正手半出台,左手區->反手區,接發球搶攻段,1
1,5,孫穎莎(RSH),05:00,1,8,X,1,正手,3,2,低拋式,普通,下旋,中路長球,未變線,相持段,1
1,5,孫穎莎(RSH),05:00,1,8,X,3,反手,2,2,推擠,普通,上旋,中路長球,未變線,相持段,1
1,5,孫穎莎(RSH),05:00,1,8,X,5,反手,3,1,反拉,普通,上旋,正手長球,中路區->反手區,相持段,1
1,5,孫穎莎(RSH),05:00,1,8,X,7,正手,5,1,拉球,普通,上旋,正手長球,未變線,相持段,1
1,6,孫穎莎(RSH),06:00,1,5,X,1,正手,3,4,低拋式,弱,下旋,正手短球,未變線,相持段,1
1,6,孫穎莎(RSH),06:00,1,5,X,3,正手,2,3,拉球,普通,上旋,反手長球,反手區->左手區,相持段,1
1,6,孫穎莎(RSH),06:00,1,5,X,5,正手,2,1,殺球,普通,上旋,正手長球,左手區->反手區,相持段,1
1,7,王藝迪(RSH),06:01,1,13,Y,2,反手,5,2,搓球,弱,下旋,中路長球,左手區->中路區,相持段,0
1,7,王藝迪(RSH),06:01,1,13,Y,4,反手,2,2,推擠,普通,上旋,中路長球,未變線,相持段,0
1,7,王藝迪(RSH),06:01,1,13,Y,6,正手,2,2,拉球,普通,上旋,中路長球,未變線,相持段,0
1,7,王藝迪(RSH),06:01,1,13,Y,8,反手,2,2,反拉,普通,上旋,中路長球,未變線,相持段,0
1,7,王藝迪(RSH),06:01,1,13,Y,10,反手,3,3,反拉,普通,上旋,反手長球,中路區->左手區,相持段,0
1,7,王藝迪(RSH),06:01,1,13,Y,12,反手,5,5,拉球,普通,上旋,中路長球,左手區->中路區,相持段,0
1,8,王藝迪(RSH),07:01,0,3,Y,2,反手,3,3,拉球,普通,上旋,反手長球,未變線,接發球搶攻段,1
1,9,孫穎莎(RSH),07:02,0,5,X,1,正手,3,4,低拋式,弱,下旋,正手短球,未變線,相持段,0
1,9,孫穎莎(RSH),07:02,0,5,X,3,反手,2,3,搓球,弱,下旋,反手長球,反手區->左手區,相持段,0
1,9,孫穎莎(RSH),07:02,0,5,X,5,反手,3,0,擋球,普通,上旋,出界,未變線,相持段,0
1,10,孫穎莎(RSH),08:02,1,4,X,1,正手,3,5,低拋式,弱,下旋,中路半出台,未變線,發球搶攻段,1
1,10,孫穎莎(RSH),08:02,1,4,X,3,反手,2,2,拉球,普通,上旋,中路長球,未變線,發球搶攻段,1
1,11,王藝迪(RSH),09:02,0,3,Y,2,正手,2,5,搓球,弱,下旋,中路短球,左手區->中路區,接發球搶攻段,1
1,12,王藝迪(RSH),10:02,0,3,Y,2,反手,2,2,搓球,弱,下旋,中路長球,左手區->中路區,接發球搶攻段,1
1,13,孫穎莎(RSH),11:02,1,2,X,1,正手,2,5,低拋式,弱,下旋,中路短球,未變線,發球搶攻段,1
2,1,王藝迪(RSH),01:00,0,5,Y,2,正手,5,5,搓球,弱,下旋,中路半出台,左手區->中路區,相持段,1
2,1,王藝迪(RSH),01:00,0,5,Y,4,反手,5,2,推擠,普通,上旋,中路長球,未變線,相持段,1
2,2,王藝迪(RSH),02:00,0,5,Y,2,反手,5,4,擺短,弱,下旋,正手短球,中路區->反手區,相持段,1
2,2,王藝迪(RSH),02:00,0,5,Y,4,正手,5,1,殺球,強,上旋,正手長球,未變線,相持段,1
2,3,孫穎莎(RSH),03:00,1,4,X,1,正手,3,5,低拋式,弱,下旋,中路半出台,未變線,發球搶攻段,1
2,3,孫穎莎(RSH),03:00,1,4,X,3,反手,3,3,反拉,普通,上旋,反手長球,中路區->左手區,發球搶攻段,1
2,4,孫穎莎(RSH),04:00,1,2,X,1,正手,3,6,低拋式,弱,下旋,反手短球,未變線,發球搶攻段,1
2,5,王藝迪(RSH),04:01,1,2,Y,2,反手,5,0,擰球,普通,上旋,掛網,未變線,接發球搶攻段,0
2,6,王藝迪(RSH),05:01,0,3,Y,2,正手,5,1,搓球,弱,下旋,正手短球,左手區->反手區,接發球搶攻段,1
2,7,孫穎莎(RSH),06:01,1,2,X,1,正手,3,2,低拋式,普通,下旋,中路長球,未變線,發球搶攻段,1
2,8,孫穎莎(RSH),07:01,1,7,X,1,正手,3,5,低拋式,弱,下旋,中路短球,未變線,相持段,1
2,8,孫穎莎(RSH),07:01,1,7,X,3,反手,3,2,反拉,普通,上旋,中路長球,未變線,相持段,1
2,8,孫穎莎(RSH),07:01,1,7,X,5,反手,3,2,反拉,普通,上旋,中路長球,未變線,相持段,1
2,8,孫穎莎(RSH),07:01,1,7,X,7,正手,2,1,反拉,普通,上旋,正手長球,中路區->反手區,相持段,1
2,9,王藝迪(RSH),08:01,1,5,Y,2,反手,2,3,搓球,弱,下旋,反手長球,未變線,相持段,0
2,9,王藝迪(RSH),08:01,1,5,Y,4,反手,3,3,擋球,普通,上旋,反手長球,未變線,相持段,0
2,10,王藝迪(RSH),08:02,1,4,Y,2,正手,5,5,擺短,弱,下旋,中路短球,左手區->中路區,接發球搶攻段,0
2,10,王藝迪(RSH),08:02,1,4,Y,4,反手,2,0,搓球,弱,下旋,掛網,未變線,接發球搶攻段,0
2,11,孫穎莎(RSH),08:03,0,6,X,1,正手,3,5,低拋式,弱,下旋,中路短球,未變線,相持段,0
2,11,孫穎莎(RSH),08:03,0,6,X,3,正手,2,3,拉球,普通,上旋,反手長球,中路區->左手區,相持段,0
2,11,孫穎莎(RSH),08:03,0,6,X,5,反手,2,2,反拉,普通,上旋,中路長球,左手區->中路區,相持段,0
2,12,孫穎莎(RSH),09:03,1,2,X,1,正手,3,2,低拋式,普通,下旋,中路半出台,未變線,發球搶攻段,1
2,13,王藝迪(RSH),10:03,0,2,Y,2,正手,5,1,搓球,弱,下旋,正手長球,左手區->反手區,接發球搶攻段,1
2,14,王藝迪(RSH),10:04,1,4,Y,2,反手,6,4,擺短,弱,下旋,反手短球,左手區->反手區,接發球搶攻段,0
2,14,王藝迪(RSH),10:04,1,4,Y,4,正手,5,0,拉球,普通,上旋,出界,未變線,接發球搶攻段,0
2,15,孫穎莎(RSH),10:05,0,3,X,1,正手,3,2,低拋式,普通,下旋,中路長球,未變線,發球搶攻段,0
2,15,孫穎莎(RSH),10:05,0,3,X,3,正手,1,0,快帶,普通,上旋,出界,未變線,發球搶攻段,0
2,16,孫穎莎(RSH),11:05,1,4,X,1,正手,3,5,低拋式,弱,下旋,中路半出台,未變線,發球搶攻段,1
2,16,孫穎莎(RSH),11:05,1,4,X,3,反手,2,3,反拉,普通,上旋,反手長球,中路區->左手區,發球搶攻段,1
3,1,孫穎莎(RSH),00:01,0,7,X,1,正手,3,5,低拋式,弱,下旋,中路短球,未變線,相持段,0
3,1,孫穎莎(RSH),00:01,0,7,X,3,反手,5,2,拉球,普通,上旋,中路長球,未變線,相持段,0
3,1,孫穎莎(RSH),00:01,0,7,X,5,反手,3,2,拉球,普通,上旋,中路長球,未變線,相持段,0
3,1,孫穎莎(RSH),00:01,0,7,X,7,反手,3,0,反拉,普通,上旋,出界,未變線,相持段,0
3,2,孫穎莎(RSH),01:01,1,2,X,1,正手,3,5,低拋式,弱,下旋,中路短球,未變線,發球搶攻段,1
3,3,王藝迪(RSH),01:02,1,4,Y,2,反手,5,3,搓球,弱,下旋,反手長球,未變線,接發球搶攻段,0
3,3,王藝迪(RSH),01:02,1,4,Y,4,反手,3,0,快帶,普通,上旋,掛網,未變線,接發球搶攻段,0
3,4,王藝迪(RSH),01:03,7,9,Y,2,反手,2,4,搓球,弱,下旋,正手短球,左手區->反手區,相持段,0
3,4,王藝迪(RSH),01:03,7,9,Y,4,反手,2,2,擋球,普通,上旋,中路長球,反手區->中路區,相持段,0
3,4,王藝迪(RSH),01:03,7,9,Y,6,反手,2,2,擋球,普通,上旋,中路長球,未變線,相持段,0
3,4,王藝迪(RSH),01:03,7,9,Y,8,反手,3,5,擋球,弱,上旋,中路長球,未變線,相持段,0
3,5,孫穎莎(RSH),01:04,0,5,X,1,正手,3,3,低拋式,普通,下旋,反手長球,未變線,相持段,0
3,5,孫穎莎(RSH),01:04,0,5,X,3,反手,2,2,反拉,普通,上旋,中路長球,左手區->中路區,相持段,0
3,5,孫穎莎(RSH),01:04,0,5,X,5,反手,2,0,反拉,普通,上旋,出界,未變線,相持段,0
3,6,孫穎莎(RSH),01:05,0,3,X,1,正手,3,6,低拋式,弱,下旋,反手短球,未變線,發球搶攻段,0
3,6,孫穎莎(RSH),01:05,0,3,X,3,反手,2,0,反拉,普通,上旋,掛網,未變線,發球搶攻段,0
3,7,王藝迪(RSH),01:06,1,8,Y,2,反手,5,3,搓球,普通,下旋,反手長球,未變線,相持段,0
3,7,王藝迪(RSH),01:06,1,8,Y,4,反手,3,3,推擠,普通,上旋,反手長球,未變線,相持段,0
3,7,王藝迪(RSH),01:06,1,8,Y,6,反手,2,2,推擠,普通,上旋,中路長球,左手區->中路區,相持段,0
3,7,王藝迪(RSH),01:06,1,8,Y,8,正手,1,0,反拉,普通,上旋,出界,未變線,相持段,0
3,8,王藝迪(RSH),01:07,1,6,Y,2,反手,5,3,搓球,普通,下旋,反手長球,未變線,相持段,0
3,8,王藝迪(RSH),01:07,1,6,Y,4,反手,3,2,推擠,普通,上旋,中路長球,左手區->中路區,相持段,0
3,8,王藝迪(RSH),01:07,1,6,Y,6,反手,2,0,推擠,普通,上旋,掛網,未變線,相持段,0
3,9,孫穎莎(RSH),02:07,1,2,X,1,正手,3,4,低拋式,弱,下旋,正手短球,未變線,發球搶攻段,1
3,10,孫穎莎(RSH),03:07,1,10,X,1,正手,2,2,低拋式,弱,下旋,中路半出台,未變線,相持段,1
3,10,孫穎莎(RSH),03:07,1,10,X,3,反手,2,3,反拉,普通,上旋,反手長球,中路區->左手區,相持段,1
3,10,孫穎莎(RSH),03:07,1,10,X,5,正手,1,1,拉球,強,上旋,正手長球,左手區->反手區,相持段,1
3,10,孫穎莎(RSH),03:07,1,10,X,7,正手,1,1,快帶,普通,上旋,正手長球,未變線,相持段,1
3,10,孫穎莎(RSH),03:07,1,10,X,9,正手,1,2,反拉,普通,上旋,中路長球,反手區->中路區,相持段,1
3,11,王藝迪(RSH),03:08,1,9,Y,2,反手,5,5,搓球,弱,下旋,中路短球,左手區->中路區,相持段,0
3,11,王藝迪(RSH),03:08,1,9,Y,4,反手,2,3,拉球,普通,上旋,反手長球,中路區->左手區,相持段,0
3,11,王藝迪(RSH),03:08,1,9,Y,6,正手,2,2,快帶,普通,上旋,中路長球,左手區->中路區,相持段,0
3,11,王藝迪(RSH),03:08,1,9,Y,8,反手,3,2,反拉,普通,上旋,中路長球,未變線,相持段,0
3,12,王藝迪(RSH),04:08,0,6,Y,2,反手,5,4,搓球,弱,下旋,正手短球,左手區->反手區,相持段,1
3,12,王藝迪(RSH),04:08,0,6,Y,4,反手,5,5,搓球,弱,下旋,中路短球,反手區->中路區,相持段,1
3,12,王藝迪(RSH),04:08,0,6,Y,6,反手,3,1,拉球,普通,上旋,正手長球,中路區->反手區,相持段,1
3,13,孫穎莎(RSH),04:09,0,2,X,1,正手,6,4,低拋式,弱,下旋,正手半出台,未變線,發球搶攻段,0
3,14,孫穎莎(RSH),05:09,1,2,X,1,正手,2,2,低拋式,普通,下旋,中路長球,未變線,發球搶攻段,1
3,15,王藝迪(RSH),06:09,0,5,Y,2,正手,5,5,搓球,弱,下旋,中路短球,左手區->中路區,相持段,1
3,15,王藝迪(RSH),06:09,0,5,Y,4,正手,5,2,搓球,弱,下旋,中路長球,未變線,相持段,1
3,16,王藝迪(RSH),06:10,1,4,Y,2,正手,5,4,搓球,弱,下旋,正手半出台,左手區->反手區,接發球搶攻段,0
3,16,王藝迪(RSH),06:10,1,4,Y,4,正手,5,0,拉球,普通,上旋,掛網,未變線,接發球搶攻段,0
3,17,孫穎莎(RSH),07:10,1,4,X,1,正手,3,5,低拋式,弱,下旋,中路短球,未變線,發球搶攻段,1
3,17,孫穎莎(RSH),07:10,1,4,X,3,反手,2,2,拉球,普通,上旋,中路長球,未變線,發球搶攻段,1
3,18,孫穎莎(RSH),08:10,1,14,X,1,正手,3,5,低拋式,弱,下旋,中路短球,未變線,相持段,1
3,18,孫穎莎(RSH),08:10,1,14,X,3,反手,3,2,拉球,普通,上旋,中路長球,未變線,相持段,1
3,18,孫穎莎(RSH),08:10,1,14,X,5,反手,3,2,反拉,普通,上旋,中路長球,未變線,相持段,1
3,18,孫穎莎(RSH),08:10,1,14,X,7,反手,3,3,反拉,普通,上旋,反手長球,中路區->左手區,相持段,1
3,18,孫穎莎(RSH),08:10,1,14,X,9,正手,2,2,反拉,普通,上旋,中路長球,左手區->中路區,相持段,1
3,18,孫穎莎(RSH),08:10,1,14,X,11,反手,3,3,反拉,普通,上旋,反手長球,中路區->左手區,相持段,1
3,18,孫穎莎(RSH),08:10,1,14,X,13,反手,2,3,推擠,普通,上旋,反手長球,未變線,相持段,1
3,19,王藝迪(RSH),09:10,0,6,Y,2,正手,5,3,搓球,弱,下旋,反手長球,未變線,相持段,1
3,19,王藝迪(RSH),09:10,0,6,Y,4,反手,2,2,反拉,普通,上旋,中路長球,左手區->中路區,相持段,1
3,19,王藝迪(RSH),09:10,0,6,Y,6,反手,2,1,反拉,普通,上旋,正手長球,中路區->反手區,相持段,1
3,20,王藝迪(RSH),10:10,0,3,Y,2,正手,5,2,搓球,弱,下旋,中路長球,未變線,接發球搶攻段,1
3,21,孫穎莎(RSH),10:11,0,3,X,1,正手,3,5,低拋式,弱,下旋,中路短球,未變線,發球搶攻段,0
3,21,孫穎莎(RSH),10:11,0,3,X,3,反手,2,0,拉球,普通,上旋,出界,未變線,發球搶攻段,0
3,22,王藝迪(RSH),10:12,0,6,Y,2,反手,5,3,搓球,弱,下旋,反手長球,中路區->左手區,相持段,1
3,22,王藝迪(RSH),10:12,0,6,Y,4,反手,2,3,反拉,普通,上旋,反手長球,未變線,相持段,1
3,22,王藝迪(RSH),10:12,0,6,Y,6,反手,3,0,擋球,普通,上旋,掛網,未變線,相持段,1
4,1,王藝迪(RSH),00:01,1,6,Y,2,正手,5,4,搓球,弱,下旋,正手半出台,左手區->反手區,相持段,0
4,1,王藝迪(RSH),00:01,1,6,Y,4,正手,1,1,快帶,普通,上旋,正手長球,未變線,相持段,0
4,1,王藝迪(RSH),00:01,1,6,Y,6,正手,1,0,快帶,普通,上旋,出界,未變線,相持段,0
4,2,王藝迪(RSH),01:01,0,7,Y,2,正手,5,3,搓球,弱,下旋,反手長球,未變線,相持段,1
4,2,王藝迪(RSH),01:01,0,7,Y,4,反手,2,2,反拉,普通,上旋,中路長球,左手區->中路區,相持段,1
4,2,王藝迪(RSH),01:01,0,7,Y,6,反手,3,2,反拉,普通,上旋,中路長球,未變線,相持段,1
4,3,孫穎莎(RSH),01:02,0,8,X,1,正手,3,3,低拋式,普通,下旋,反手長球,未變線,相持段,0
4,3,孫穎莎(RSH),01:02,0,8,X,3,反手,3,3,反拉,普通,上旋,反手長球,未變線,相持段,0
4,3,孫穎莎(RSH),01:02,0,8,X,5,反手,3,2,反拉,普通,上旋,中路長球,左手區->中路區,相持段,0
4,3,孫穎莎(RSH),01:02,0,8,X,7,正手,1,5,快帶,普通,上旋,中路短球,未變線,相持段,0
4,4,孫穎莎(RSH),02:02,1,3,X,1,正手,3,5,低拋式,弱,下旋,中路短球,未變線,發球搶攻段,1
4,4,孫穎莎(RSH),02:02,1,3,X,3,反手,2,3,拉球,普通,上旋,反手長球,中路區->左手區,發球搶攻段,1
4,5,王藝迪(RSH),03:02,3,3,Y,2,反手,2,5,搓球,弱,下旋,中路短球,未變線,接發球搶攻段,0
4,6,王藝迪(RSH),03:03,1,2,Y,2,正手,5,0,搓球,弱,下旋,掛網,未變線,接發球搶攻段,0
4,7,孫穎莎(RSH),03:04,0,3,X,1,正手,3,6,低拋式,弱,下旋,反手短球,未變線,發球搶攻段,0
4,7,孫穎莎(RSH),03:04,0,3,X,3,正手,1,0,擋球,普通,上旋,出界,未變線,發球搶攻段,0
4,8,孫穎莎(RSH),03:05,0,3,X,1,正手,3,3,低拋式,普通,下旋,反手長球,未變線,發球搶攻段,0
4,8,孫穎莎(RSH),03:05,0,3,X,3,正手,1,0,反拉,普通,上旋,掛網,未變線,發球搶攻段,0
4,9,王藝迪(RSH),04:05,0,9,Y,2,正手,5,3,搓球,弱,下旋,反手長球,未變線,相持段,1
4,9,王藝迪(RSH),04:05,0,9,Y,4,反手,2,3,反拉,普通,上旋,反手長球,未變線,相持段,1
4,9,王藝迪(RSH),04:05,0,9,Y,6,反手,2,2,反拉,普通,上旋,中路長球,左手區->中路區,相持段,1
4,9,王藝迪(RSH),04:05,0,9,Y,8,反手,2,3,反拉,普通,上旋,反手長球,中路區->左手區,相持段,1
4,10,王藝迪(RSH),05:05,0,3,Y,2,正手,5,1,搓球,弱,下旋,正手半出台,左手區->反手區,接發球搶攻段,1
4,11,孫穎莎(RSH),05:06,0,5,X,1,正手,3,5,低拋式,弱,下旋,中路短球,未變線,相持段,0
4,11,孫穎莎(RSH),05:06,0,5,X,3,反手,5,3,搓球,弱,下旋,反手長球,中路區->左手區,相持段,0
4,11,孫穎莎(RSH),05:06,0,5,X,5,反手,2,0,推擠,普通,上旋,掛網,未變線,相持段,0
4,12,孫穎莎(RSH),05:07,0,5,X,1,正手,3,5,低拋式,弱,下旋,中路半出台,未變線,相持段,0
4,12,孫穎莎(RSH),05:07,0,5,X,3,反手,3,3,拉球,普通,上旋,反手長球,中路區->左手區,相持段,0
4,12,孫穎莎(RSH),05:07,0,5,X,5,反手,3,0,反拉,普通,上旋,掛網,未變線,相持段,0
4,13,王藝迪(RSH),06:07,0,5,Y,2,正手,5,5,搓球,弱,下旋,中路短球,左手區->中路區,相持段,1
4,13,王藝迪(RSH),06:07,0,5,Y,4,正手,5,2,搓球,弱,下旋,中路長球,未變線,相持段,1
4,14,王藝迪(RSH),06:08,1,8,Y,2,反手,5,2,拉球,弱,下旋,中路長球,左手區->中路區,相持段,0
4,14,王藝迪(RSH),06:08,1,8,Y,4,反手,2,3,反拉,普通,上旋,反手長球,中路區->左手區,相持段,0
4,14,王藝迪(RSH),06:08,1,8,Y,6,反手,3,3,反拉,普通,上旋,反手長球,未變線,相持段,0
4,14,王藝迪(RSH),06:08,1,8,Y,8,反手,3,0,反拉,普通,上旋,出界,未變線,相持段,0
4,15,孫穎莎(RSH),07:08,1,6,X,1,正手,3,5,低拋式,弱,下旋,中路短球,未變線,相持段,1
4,15,孫穎莎(RSH),07:08,1,6,X,3,反手,2,3,拉球,普通,上旋,反手長球,中路區->左手區,相持段,1
4,15,孫穎莎(RSH),07:08,1,6,X,5,反手,2,2,反拉,普通,上旋,中路長球,左手區->中路區,相持段,1
4,16,孫穎莎(RSH),07:09,0,3,X,1,正手,2,5,低拋式,弱,下旋,中路短球,未變線,發球搶攻段,0
4,16,孫穎莎(RSH),07:09,0,3,X,3,反手,2,0,拉球,普通,上旋,出界,未變線,發球搶攻段,0
4,17,王藝迪(RSH),08:09,0,13,Y,2,正手,5,5,擺短,弱,下旋,中路短球,左手區->中路區,相持段,1
4,17,王藝迪(RSH),08:09,0,13,Y,4,反手,2,2,搓球,弱,下旋,中路長球,未變線,相持段,1
4,17,王藝迪(RSH),08:09,0,13,Y,6,反手,2,3,擋球,普通,上旋,反手長球,中路區->左手區,相持段,1
4,17,王藝迪(RSH),08:09,0,13,Y,8,反手,3,2,反拉,普通,上旋,中路長球,左手區->中路區,相持段,1
4,17,王藝迪(RSH),08:09,0,13,Y,10,反手,2,3,反拉,普通,上旋,反手長球,中路區->左手區,相持段,1
4,17,王藝迪(RSH),08:09,0,13,Y,12,正手,2,2,反拉,強,上旋,中路長球,左手區->中路區,相持段,1
4,18,王藝迪(RSH),09:09,0,20,Y,2,反手,5,5,搓球,弱,下旋,中路短球,未變線,相持段,1
4,18,王藝迪(RSH),09:09,0,20,Y,4,反手,5,3,搓球,弱,下旋,反手長球,中路區->左手區,相持段,1
4,18,王藝迪(RSH),09:09,0,20,Y,6,反手,2,3,反拉,普通,上旋,反手長球,未變線,相持段,1
4,18,王藝迪(RSH),09:09,0,20,Y,8,反手,3,3,反拉,普通,上旋,反手長球,未變線,相持段,1
4,18,王藝迪(RSH),09:09,0,20,Y,10,反手,3,3,反拉,普通,上旋,反手長球,未變線,相持段,1
4,18,王藝迪(RSH),09:09,0,20,Y,12,正手,2,3,反拉,普通,上旋,反手長球,未變線,相持段,1
4,18,王藝迪(RSH),09:09,0,20,Y,14,反手,2,3,反拉,普通,上旋,反手長球,未變線,相持段,1
4,18,王藝迪(RSH),09:09,0,20,Y,16,反手,3,3,反拉,普通,上旋,反手長球,未變線,相持段,1
4,18,王藝迪(RSH),09:09,0,20,Y,18,反手,2,2,反拉,普通,上旋,中路長球,左手區->中路區,相持段,1
4,18,王藝迪(RSH),09:09,0,20,Y,20,反手,3,3,拉球,普通,上旋,反手長球,中路區->左手區,相持段,1
4,19,孫穎莎(RSH),09:10,0,13,X,1,正手,3,5,低拋式,弱,下旋,中路半出台,未變線,相持段,0
4,19,孫穎莎(RSH),09:10,0,13,X,3,反手,3,2,拉球,普通,上旋,中路長球,未變線,相持段,0
4,19,孫穎莎(RSH),09:10,0,13,X,5,反手,3,2,反拉,普通,上旋,中路長球,未變線,相持段,0
4,19,孫穎莎(RSH),09:10,0,13,X,7,反手,2,3,反拉,普通,上旋,反手長球,中路區->左手區,相持段,0
4,19,孫穎莎(RSH),09:10,0,13,X,9,反手,2,3,反拉,普通,上旋,反手長球,未變線,相持段,0
4,19,孫穎莎(RSH),09:10,0,13,X,11,反手,3,2,反拉,普通,上旋,中路長球,左手區->中路區,相持段,0
4,19,孫穎莎(RSH),09:10,0,13,X,13,反手,6,0,反拉,普通,上旋,出界,未變線,相持段,0
4,20,孫穎莎(RSH),09:11,0,7,X,1,正手,3,5,低拋式,弱,下旋,中路半出台,未變線,相持段,0
4,20,孫穎莎(RSH),09:11,0,7,X,3,反手,3,2,拉球,普通,上旋,中路長球,未變線,相持段,0
4,20,孫穎莎(RSH),09:11,0,7,X,5,反手,3,2,拉球,普通,上旋,中路長球,未變線,相持段,0
4,20,孫穎莎(RSH),09:11,0,7,X,7,正手,3,0,反拉,強,上旋,掛網,未變線,相持段,0
5+74:90,1,孫穎莎(RSH),01:00,1,6,X,1,正手,3,2,低拋式,弱,下旋,中路半出台,未變線,相持段,1
5+74:90,1,孫穎莎(RSH),01:00,1,6,X,3,反手,3,2,推擠,普通,上旋,中路長球,未變線,相持段,1
5+74:90,1,孫穎莎(RSH),01:00,1,6,X,5,反手,3,1,推擠,普通,上旋,正手長球,中路區->反手區,相持段,1
5,2,孫穎莎(RSH),01:01,0,7,X,1,正手,3,5,低拋式,弱,下旋,中路短球,未變線,相持段,0
5,2,孫穎莎(RSH),01:01,0,7,X,3,反手,2,2,拉球,普通,上旋,中路長球,未變線,相持段,0
5,2,孫穎莎(RSH),01:01,0,7,X,5,反手,3,2,反拉,普通,上旋,中路長球,未變線,相持段,0
5,2,孫穎莎(RSH),01:01,0,7,X,7,反手,3,0,反拉,普通,上旋,掛網,未變線,相持段,0
5,3,王藝迪(RSH),01:02,1,4,Y,2,正手,2,5,擺短,普通,下旋,中路短球,左手區->中路區,接發球搶攻段,0
5,3,王藝迪(RSH),01:02,1,4,Y,4,反手,3,0,拉球,普通,上旋,掛網,未變線,接發球搶攻段,0
5,4,王藝迪(RSH),02:02,0,5,Y,2,正手,4,5,擺短,弱,下旋,中路短球,左手區->中路區,相持段,1
5,4,王藝迪(RSH),02:02,0,5,Y,4,反手,2,3,拉球,普通,上旋,反手長球,中路區->左手區,相持段,1
5,5,孫穎莎(RSH),03:02,1,8,X,1,正手,3,5,低拋式,弱,下旋,中路短球,未變線,相持段,1
5,5,孫穎莎(RSH),03:02,1,8,X,3,反手,3,2,拉球,普通,上旋,中路長球,未變線,相持段,1
5,5,孫穎莎(RSH),03:02,1,8,X,5,反手,3,2,反拉,普通,上旋,中路長球,未變線,相持段,1
5,5,孫穎莎(RSH),03:02,1,8,X,7,反手,2,2,反拉,普通,上旋,中路長球,未變線,相持段,1
5,6,孫穎莎(RSH),03:03,0,5,X,1,正手,3,5,低拋式,弱,下旋,中路短球,未變線,相持段,0
5,6,孫穎莎(RSH),03:03,0,5,X,3,反手,3,2,拉球,普通,上旋,中路長球,未變線,相持段,0
5,6,孫穎莎(RSH),03:03,0,5,X,5,正手,2,0,反拉,普通,上旋,出界,未變線,相持段,0
5,7,王藝迪(RSH),03:04,1,12,Y,2,正手,5,3,搓球,弱,下旋,反手長球,未變線,相持段,0
5,7,王藝迪(RSH),03:04,1,12,Y,4,反手,2,3,反拉,普通,上旋,反手長球,未變線,相持段,0
5,7,王藝迪(RSH),03:04,1,12,Y,6,反手,3,3,反拉,普通,上旋,反手長球,未變線,相持段,0
5,7,王藝迪(RSH),03:04,1,12,Y,8,反手,2,2,反拉,普通,上旋,中路長球,左手區->中路區,相持段,0
5,7,王藝迪(RSH),03:04,1,12,Y,10,反手,3,2,反拉,普通,上旋,中路長球,未變線,相持段,0
5,7,王藝迪(RSH),03:04,1,12,Y,12,反手,2,0,反拉,普通,上旋,掛網,未變線,相持段,0
5,8,王藝迪(RSH),04:04,0,5,Y,2,正手,5,5,擺短,弱,下旋,中路短球,左手區->中路區,相持段,1
5,8,王藝迪(RSH),04:04,0,5,Y,4,正手,5,4,搓球,弱,下旋,正手短球,中路區->反手區,相持段,1
5,9,孫穎莎(RSH),05:04,1,3,X,1,正手,3,2,低拋式,普通,下旋,中路長球,未變線,發球搶攻段,1
5,9,孫穎莎(RSH),05:04,1,3,X,3,反手,2,2,推擠,普通,上旋,中路長球,未變線,發球搶攻段,1
5,10,孫穎莎(RSH),06:04,1,7,X,1,正手,3,3,低拋式,普通,下旋,反手長球,未變線,相持段,1
5,10,孫穎莎(RSH),06:04,1,7,X,3,正手,2,1,反拉,普通,上旋,正手長球,左手區->反手區,相持段,1
5,10,孫穎莎(RSH),06:04,1,7,X,5,正手,2,2,反拉,普通,上旋,中路長球,反手區->中路區,相持段,1
5,10,孫穎莎(RSH),06:04,1,7,X,7,正手,2,2,反拉,普通,上旋,中路長球,未變線,相持段,1
5,11,王藝迪(RSH),07:04,0,7,Y,2,反手,5,4,搓球,弱,下旋,正手半出台,左手區->反手區,相持段,1
5,11,王藝迪(RSH),07:04,0,7,Y,4,反手,3,2,拉球,普通,上旋,中路長球,反手區->中路區,相持段,1
5,11,王藝迪(RSH),07:04,0,7,Y,6,反手,3,3,反拉,普通,上旋,反手長球,中路區->左手區,相持段,1
5,12,王藝迪(RSH),07:05,1,4,Y,2,正手,5,4,搓球,弱,下旋,正手半出台,左手區->反手區,接發球搶攻段,0
5,12,王藝迪(RSH),07:05,1,4,Y,4,正手,1,0,拉球,普通,上旋,出界,未變線,接發球搶攻段,0
5,13,孫穎莎(RSH),08:05,1,2,X,1,正手,3,5,低拋式,弱,下旋,中路短球,未變線,發球搶攻段,1
5,14,孫穎莎(RSH),09:05,1,7,X,1,正手,3,5,低拋式,弱,下旋,中路短球,未變線,相持段,1
5,14,孫穎莎(RSH),09:05,1,7,X,3,反手,3,2,拉球,普通,上旋,中路長球,未變線,相持段,1
5,14,孫穎莎(RSH),09:05,1,7,X,5,反手,3,1,反拉,普通,上旋,正手長球,中路區->反手區,相持段,1
5,14,孫穎莎(RSH),09:05,1,7,X,7,正手,1,3,拉球,普通,上旋,反手長球,反手區->左手區,相持段,1
5,15,王藝迪(RSH),09:06,1,5,Y,2,反手,5,2,搓球,普通,下旋,中路半出台,未變線,相持段,0
5,15,王藝迪(RSH),09:06,1,5,Y,4,反手,3,2,擋球,普通,上旋,中路長球,未變線,相持段,0
5,16,王藝迪(RSH),10:06,0,5,Y,2,正手,5,3,搓球,普通,下旋,反手長球,未變線,相持段,1
5,16,王藝迪(RSH),10:06,0,5,Y,4,正手,2,3,拉球,普通,上旋,反手長球,未變線,相持段,1
5,17,孫穎莎(RSH),11:06,1,4,X,1,正手,3,5,低拋式,弱,下旋,中路短球,未變線,發球搶攻段,1
5,17,孫穎莎(RSH),11:06,1,4,X,3,正手,4,2,拉球,普通,上旋,中路長球,未變線,發球搶攻段,1
6,1,王藝迪(RSH),00:01,1,6,Y,2,正手,5,2,搓球,弱,下旋,中路半出台,左手區->中路區,相持段,0
6,1,王藝迪(RSH),00:01,1,6,Y,4,反手,2,2,反拉,普通,上旋,中路長球,未變線,相持段,0
6,1,王藝迪(RSH),00:01,1,6,Y,6,正手,1,0,拉球,普通,上旋,出界,未變線,相持段,0
6,2,王藝迪(RSH),01:01,0,7,Y,2,反手,2,2,拉球,普通,上旋,中路長球,左手區->中路區,相持段,1
6,2,王藝迪(RSH),01:01,0,7,Y,4,反手,2,3,拉球,普通,上旋,反手長球,中路區->左手區,相持段,1
6,2,王藝迪(RSH),01:01,0,7,Y,6,正手,1,2,拉球,普通,上旋,中路長球,左手區->中路區,相持段,1
6,3,孫穎莎(RSH),02:01,1,6,X,1,正手,3,5,低拋式,弱,下旋,中路短球,未變線,相持段,1
6,3,孫穎莎(RSH),02:01,1,6,X,3,正手,5,2,拉球,普通,上旋,中路長球,未變線,相持段,1
6,3,孫穎莎(RSH),02:01,1,6,X,5,正手,2,3,拉球,強,上旋,反手長球,中路區->左手區,相持段,1
6,4,孫穎莎(RSH),03:01,1,9,X,1,正手,3,5,低拋式,弱,下旋,中路短球,未變線,相持段,1
6,4,孫穎莎(RSH),03:01,1,9,X,3,反手,3,5,拉球,普通,上旋,中路長球,未變線,相持段,1
6,4,孫穎莎(RSH),03:01,1,9,X,5,反手,2,2,反拉,普通,上旋,中路長球,未變線,相持段,1
6,4,孫穎莎(RSH),03:01,1,9,X,7,反手,3,3,拉球,普通,上旋,反手長球,中路區->左手區,相持段,1
6,4,孫穎莎(RSH),03:01,1,9,X,9,正手,1,1,反拉,強,上旋,正手長球,左手區->反手區,相持段,1
6,5,王藝迪(RSH),04:01,0,3,Y,2,反手,5,3,搓球,弱,下旋,反手長球,中路區->左手區,接發球搶攻段,1
6,6,王藝迪(RSH),04:02,1,8,Y,2,正手,5,4,搓球,弱,下旋,正手短球,中路區->反手區,相持段,0
6,6,王藝迪(RSH),04:02,1,8,Y,4,正手,5,5,擺短,弱,下旋,中路短球,反手區->中路區,相持段,0
6,6,王藝迪(RSH),04:02,1,8,Y,6,反手,3,3,拉球,普通,上旋,反手長球,中路區->左手區,相持段,0
6,6,王藝迪(RSH),04:02,1,8,Y,8,反手,3,0,反拉,普通,上旋,掛網,未變線,相持段,0
6,7,孫穎莎(RSH),04:03,0,9,X,1,正手,3,5,低拋式,弱,下旋,中路半出台,未變線,相持段,0
6,7,孫穎莎(RSH),04:03,0,9,X,3,反手,2,2,反拉,普通,上旋,中路長球,未變線,相持段,0
6,7,孫穎莎(RSH),04:03,0,9,X,5,反手,2,3,反拉,普通,上旋,反手長球,中路區->左手區,相持段,0
6,7,孫穎莎(RSH),04:03,0,9,X,7,反手,3,3,反拉,普通,上旋,反手長球,未變線,相持段,0
6,7,孫穎莎(RSH),04:03,0,9,X,9,反手,2,0,反拉,普通,上旋,掛網,未變線,相持段,0
6,8,孫穎莎(RSH),05:03,1,4,X,1,正手,2,5,低拋式,弱,下旋,中路短球,未變線,發球搶攻段,1
6,8,孫穎莎(RSH),05:03,1,4,X,3,反手,3,2,拉球,普通,上旋,中路長球,未變線,發球搶攻段,1
6,9,王藝迪(RSH),05:04,1,5,Y,2,反手,5,2,搓球,弱,下旋,中路長球,左手區->中路區,相持段,0
6,9,王藝迪(RSH),05:04,1,5,Y,4,反手,2,2,推擠,普通,上旋,中路長球,未變線,相持段,0
6,10,王藝迪(RSH),05:05,1,8,Y,2,正手,5,5,擺短,弱,下旋,中路短球,左手區->中路區,相持段,0
6,10,王藝迪(RSH),05:05,1,8,Y,4,反手,3,3,拉球,普通,上旋,反手長球,中路區->左手區,相持段,0
6,10,王藝迪(RSH),05:05,1,8,Y,6,反手,3,2,反拉,普通,上旋,中路長球,左手區->中路區,相持段,0
6,10,王藝迪(RSH),05:05,1,8,Y,8,正手,1,0,拉球,普通,上旋,出界,未變線,相持段,0
6,11,孫穎莎(RSH),06:05,1,4,X,1,正手,3,2,低拋式,普通,下旋,中路長球,未變線,發球搶攻段,1
6,11,孫穎莎(RSH),06:05,1,4,X,3,反手,2,2,反拉,普通,上旋,中路長球,未變線,發球搶攻段,1
6,12,孫穎莎(RSH),06:06,0,5,X,1,正手,3,5,低拋式,弱,下旋,中路短球,未變線,相持段,0
6,12,孫穎莎(RSH),06:06,0,5,X,3,反手,3,2,拉球,普通,上旋,中路長球,未變線,相持段,0
6,12,孫穎莎(RSH),06:06,0,5,X,5,反手,3,0,拉球,普通,上旋,出界,未變線,相持段,0
6,13,王藝迪(RSH),07:06,0,7,Y,2,正手,5,2,搓球,弱,下旋,中路長球,左手區->中路區,相持段,1
6,13,王藝迪(RSH),07:06,0,7,Y,4,反手,2,2,推擠,普通,上旋,中路長球,未變線,相持段,1
6,13,王藝迪(RSH),07:06,0,7,Y,6,反手,2,3,拉球,普通,上旋,反手長球,中路區->左手區,相持段,1
6,14,王藝迪(RSH),07:07,1,4,Y,2,反手,5,5,搓球,弱,下旋,中路短球,左手區->中路區,接發球搶攻段,0
6,14,王藝迪(RSH),07:07,1,4,Y,4,正手,5,0,搓球,弱,下旋,掛網,未變線,接發球搶攻段,0
6,15,孫穎莎(RSH),08:07,1,3,X,1,正手,3,2,低拋式,弱,下旋,中路長球,未變線,發球搶攻段,1
6,15,孫穎莎(RSH),08:07,1,3,X,3,反手,2,2,拉球,普通,上旋,中路長球,未變線,發球搶攻段,1
6,16,孫穎莎(RSH),08:08,0,6,X,1,正手,3,5,低拋式,弱,下旋,中路短球,未變線,相持段,0
6,16,孫穎莎(RSH),08:08,0,6,X,3,反手,3,2,拉球,普通,上旋,中路長球,未變線,相持段,0
6,16,孫穎莎(RSH),08:08,0,6,X,5,反手,3,2,反拉,普通,上旋,中路長球,未變線,相持段,0
6,17,王藝迪(RSH),08:09,1,4,Y,2,正手,5,3,搓球,弱,下旋,反手長球,未變線,接發球搶攻段,0
6,17,王藝迪(RSH),08:09,1,4,Y,4,正手,2,0,反拉,強,上旋,掛網,未變線,接發球搶攻段,0
6,18,王藝迪(RSH),09:09,0,3,Y,2,正手,5,5,擺短,弱,下旋,中路短球,左手區->中路區,接發球搶攻段,1
6,19,孫穎莎(RSH),09:10,0,7,X,1,正手,3,5,低拋式,弱,下旋,中路半出台,未變線,相持段,0
6,19,孫穎莎(RSH),09:10,0,7,X,3,反手,3,2,拉球,普通,上旋,中路長球,未變線,相持段,0
6,19,孫穎莎(RSH),09:10,0,7,X,5,反手,3,2,反拉,普通,上旋,中路長球,未變線,相持段,0
6,19,孫穎莎(RSH),09:10,0,7,X,7,反手,3,0,反拉,普通,上旋,掛網,未變線,相持段,0
6,20,孫穎莎(RSH),09:11,0,3,X,1,正手,3,2,低拋式,普通,下旋,中路長球,未變線,發球搶攻段,0
6,20,孫穎莎(RSH),09:11,0,3,X,3,反手,2,0,反拉,普通,上旋,掛網,未變線,發球搶攻段,0
7,1,孫穎莎(RSH),00:01,0,9,X,1,正手,3,3,低拋式,普通,下旋,反手長球,未變線,相持段,0
7,1,孫穎莎(RSH),00:01,0,9,X,3,反手,3,2,反拉,普通,上旋,中路長球,左手區->中路區,相持段,0
7,1,孫穎莎(RSH),00:01,0,9,X,5,反手,3,2,反拉,普通,上旋,中路長球,未變線,相持段,0
7,1,孫穎莎(RSH),00:01,0,9,X,7,反手,2,2,推擠,普通,上旋,中路長球,未變線,相持段,0
7,1,孫穎莎(RSH),00:01,0,9,X,9,正手,2,0,拉球,普通,上旋,出界,未變線,相持段,0
7,2,孫穎莎(RSH),01:01,1,13,X,1,正手,3,5,低拋式,弱,下旋,中路半出台,未變線,相持段,1
7,2,孫穎莎(RSH),01:01,1,13,X,3,反手,2,2,拉球,普通,上旋,中路長球,未變線,相持段,1
7,2,孫穎莎(RSH),01:01,1,13,X,5,反手,2,2,反拉,普通,上旋,中路長球,未變線,相持段,1
7,2,孫穎莎(RSH),01:01,1,13,X,7,反手,3,5,反拉,普通,上旋,中路長球,未變線,相持段,1
7,2,孫穎莎(RSH),01:01,1,13,X,9,正手,2,2,反拉,強,上旋,中路長球,未變線,相持段,1
7,2,孫穎莎(RSH),01:01,1,13,X,11,正手,2,2,拉球,普通,上旋,中路長球,未變線,相持段,1
7,2,孫穎莎(RSH),01:01,1,13,X,13,反手,3,2,推擠,普通,上旋,中路長球,未變線,相持段,1
7,3,王藝迪(RSH),01:02,1,4,Y,2,正手,5,5,搓球,普通,下旋,中路短球,左手區->中路區,接發球搶攻段,0
7,3,王藝迪(RSH),01:02,1,4,Y,4,反手,3,0,拉球,普通,上旋,出界,未變線,接發球搶攻段,0
7,4,王藝迪(RSH),02:02,0,5,Y,2,正手,4,5,搓球,普通,下旋,中路短球,左手區->中路區,相持段,1
7,4,王藝迪(RSH),02:02,0,5,Y,4,反手,3,3,拉球,普通,上旋,反手長球,中路區->左手區,相持段,1
7,5,孫穎莎(RSH),03:02,1,5,X,1,正手,3,3,低拋式,普通,下旋,反手半出台,未變線,相持段,1
7,5,孫穎莎(RSH),03:02,1,5,X,3,反手,3,1,拉球,普通,上旋,正手長球,左手區->反手區,相持段,1
7,5,孫穎莎(RSH),03:02,1,5,X,5,正手,1,1,反拉,普通,上旋,正手長球,未變線,相持段,1
7,6,孫穎莎(RSH),03:03,0,3,X,1,正手,3,5,低拋式,弱,下旋,中路短球,未變線,發球搶攻段,0
7,6,孫穎莎(RSH),03:03,0,3,X,3,正手,2,0,拉球,強,上旋,出界,未變線,發球搶攻段,0
7,7,王藝迪(RSH),03:04,1,8,Y,2,反手,5,3,擰球,弱,上旋,反手長球,未變線,相持段,0
7,7,王藝迪(RSH),03:04,1,8,Y,4,反手,2,3,反拉,普通,上旋,反手長球,未變線,相持段,0
7,7,王藝迪(RSH),03:04,1,8,Y,6,反手,3,2,推擠,普通,上旋,中路長球,左手區->中路區,相持段,0
7,7,王藝迪(RSH),03:04,1,8,Y,8,反手,3,0,擋球,普通,上旋,出界,未變線,相持段,0
7,8,王藝迪(RSH),04:04,0,15,Y,2,正手,5,5,擺短,弱,下旋,中路短球,左手區->中路區,相持段,1
7,8,王藝迪(RSH),04:04,0,15,Y,4,正手,5,3,搓球,弱,下旋,反手長球,中路區->左手區,相持段,1
7,8,王藝迪(RSH),04:04,0,15,Y,6,反手,3,2,推擠,普通,上旋,中路長球,左手區->中路區,相持段,1
7,8,王藝迪(RSH),04:04,0,15,Y,8,反手,2,2,推擠,普通,上旋,中路長球,未變線,相持段,1
7,8,王藝迪(RSH),04:04,0,15,Y,10,正手,2,2,快帶,普通,上旋,中路長球,未變線,相持段,1
7,8,王藝迪(RSH),04:04,0,15,Y,12,反手,2,1,推擠,普通,上旋,正手長球,中路區->反手區,相持段,1
7,8,王藝迪(RSH),04:04,0,15,Y,14,正手,1,3,反拉,普通,上旋,反手長球,反手區->左手區,相持段,1
7,9,孫穎莎(RSH),05:04,1,6,X,1,正手,3,5,低拋式,弱,下旋,中路半出台,未變線,相持段,1
7,9,孫穎莎(RSH),05:04,1,6,X,3,反手,3,2,拉球,普通,上旋,中路長球,未變線,相持段,1
7,9,孫穎莎(RSH),05:04,1,6,X,5,反手,3,2,反拉,普通,上旋,中路長球,未變線,相持段,1
7,10,孫穎莎(RSH),05:05,0,7,X,1,正手,3,5,低拋式,弱,下旋,中路半出台,未變線,相持段,0
7,10,孫穎莎(RSH),05:05,0,7,X,3,反手,3,2,拉球,普通,上旋,中路長球,未變線,相持段,0
7,10,孫穎莎(RSH),05:05,0,7,X,5,反手,3,1,反拉,普通,上旋,正手長球,中路區->反手區,相持段,0
7,10,孫穎莎(RSH),05:05,0,7,X,7,反手,3,0,推擠,普通,上旋,出界,未變線,相持段,0
7,11,王藝迪(RSH),06:05,0,8,Y,2,反手,5,2,搓球,弱,下旋,中路長球,左手區->中路區,相持段,1
7,11,王藝迪(RSH),06:05,0,8,Y,4,反手,2,2,推擠,普通,上旋,中路長球,未變線,相持段,1
7,11,王藝迪(RSH),06:05,0,8,Y,6,反手,2,3,拉球,普通,上旋,反手長球,中路區->左手區,相持段,1
7,11,王藝迪(RSH),06:05,0,8,Y,8,正手,2,1,反拉,強,上旋,正手長球,左手區->反手區,相持段,1
7,12,王藝迪(RSH),07:05,0,3,Y,2,反手,5,3,擰球,普通,上旋,反手長球,未變線,接發球搶攻段,1
7,13,孫穎莎(RSH),07:06,0,4,X,1,正手,3,3,低拋式,普通,下旋,反手半出台,未變線,發球搶攻段,0
7,13,孫穎莎(RSH),07:06,0,4,X,3,反手,3,3,反拉,強,上旋,反手長球,未變線,發球搶攻段,0
7,14,孫穎莎(RSH),07:07,0,3,X,1,正手,3,4,低拋式,弱,下旋,正手短球,未變線,發球搶攻段,0
7,14,孫穎莎(RSH),07:07,0,3,X,3,反手,3,0,拉球,普通,上旋,出界,未變線,發球搶攻段,0
7,15,王藝迪(RSH),08:07,0,6,Y,2,正手,5,4,擺短,弱,下旋,正手短球,左手區->反手區,相持段,1
7,15,王藝迪(RSH),08:07,0,6,Y,4,反手,5,5,搓球,弱,下旋,中路短球,反手區->中路區,相持段,1
7,15,王藝迪(RSH),08:07,0,6,Y,6,反手,3,1,拉球,普通,上旋,正手長球,中路區->反手區,相持段,1
7,16,王藝迪(RSH),08:08,1,4,Y,2,反手,5,5,搓球,弱,下旋,中路短球,左手區->中路區,接發球搶攻段,0
7,16,王藝迪(RSH),08:08,1,4,Y,4,正手,2,0,拉球,強,上旋,出界,未變線,接發球搶攻段,0
7,17,孫穎莎(RSH),09:08,1,4,X,1,正手,3,5,低拋式,弱,下旋,中路半出台,未變線,發球搶攻段,1
7,17,孫穎莎(RSH),09:08,1,4,X,3,反手,3,3,拉球,普通,上旋,反手長球,中路區->左手區,發球搶攻段,1
7,18,孫穎莎(RSH),10:08,1,8,X,1,正手,3,4,低拋式,弱,下旋,正手短球,未變線,相持段,1
7,18,孫穎莎(RSH),10:08,1,8,X,3,反手,5,3,搓球,弱,下旋,反手長球,反手區->左手區,相持段,1
7,18,孫穎莎(RSH),10:08,1,8,X,5,反手,2,2,反拉,普通,上旋,中路長球,左手區->中路區,相持段,1
7,18,孫穎莎(RSH),10:08,1,8,X,7,正手,2,3,拉球,普通,上旋,反手長球,中路區->左手區,相持段,1
7,19,王藝迪(RSH),10:09,1,7,Y,2,正手,5,4,搓球,弱,下旋,正手短球,左手區->反手區,相持段,0
7,19,王藝迪(RSH),10:09,1,7,Y,4,正手,5,5,搓球,弱,下旋,中路半出台,反手區->中路區,相持段,0
7,19,王藝迪(RSH),10:09,1,7,Y,6,正手,2,1,反拉,強,上旋,正手長球,中路區->反手區,相持段,0
7,20,王藝迪(RSH),10:10,1,4,Y,2,反手,5,2,搓球,弱,下旋,中路長球,左手區->中路區,接發球搶攻段,0
7,20,王藝迪(RSH),10:10,1,4,Y,4,反手,2,0,反拉,普通,上旋,出界,未變線,接發球搶攻段,0
7,21,孫穎莎(RSH),11:10,1,4,X,1,正手,3,4,低拋式,弱,下旋,正手短球,未變線,發球搶攻段,1
7,21,孫穎莎(RSH),11:10,1,4,X,3,反手,3,3,拉球,強,上旋,反手長球,反手區->左手區,發球搶攻段,1
7,22,王藝迪(RSH),12:10,1,7,Y,2,正手,5,5,擺短,弱,下旋,中路短球,左手區->中路區,相持段,0
7,22,王藝迪(RSH),12:10,1,7,Y,4,反手,5,3,搓球,弱,下旋,反手長球,中路區->左手區,相持段,0
7,22,王藝迪(RSH),12:10,1,7,Y,6,反手,2,3,快帶,普通,上旋,反手長球,未變線,相持段,0
