,,,,,,1,1,1,1,1,1,1,1,2,2,2,2,2,2,2,3,3,3,3,3,3,3,4,4,4,4,4,4,4,5,5,5,5,5,5,5,6,6,6,6,6,6,6,7,7,7,7,7,7,7,8,8,8,8,8,8,8,9,9,9,9,9,9,9,10,10,10,10,10,10,10,11,11,11,11,11,11,11,12,12,12,12,12,12,12,13,13,13,13,13,13,13,14,14,14,14,14,14,14,15,15,15,15,15,15,15,16,16,16,16,16,16,16,17,17,17,17,17,17,17,18,18,18,18,18,18,18,19,19,19,19,19,19,19,20,20,20,20,20,20,20,,,,,,,,,,,,,,,,,,,,,,,,,,,,,,,,,,,,,,,,,
局數,球序,發球者姓名,比分,勝負,板數,發球者代碼,正反手,己方落點,對方落點,技術,速度,旋轉,長短,正反手,己方落點,對方落點,技術,速度,旋轉,長短,正反手,己方落點,對方落點,技術,速度,旋轉,長短,正反手,己方落點,對方落點,技術,速度,旋轉,長短,正反手,己方落點,對方落點,技術,速度,旋轉,長短,正反手,己方落點,對方落點,技術,速度,旋轉,長短,正反手,己方落點,對方落點,技術,速度,旋轉,長短,正反手,己方落點,對方落點,技術,速度,旋轉,長短,正反手,己方落點,對方落點,技術,速度,旋轉,長短,正反手,己方落點,對方落點,技術,速度,旋轉,長短,正反手,己方落點,對方落點,技術,速度,旋轉,長短,正反手,己方落點,對方落點,技術,速度,旋轉,長短,正反手,己方落點,對方落點,技術,速度,旋轉,長短,正反手,己方落點,對方落點,技術,速度,旋轉,長短,正反手,己方落點,對方落點,技術,速度,旋轉,長短,正反手,己方落點,對方落點,技術,速度,旋轉,長短,正反手,己方落點,對方落點,技術,速度,旋轉,長短,正反手,己方落點,對方落點,技術,速度,旋轉,長短,正反手,己方落點,對方落點,技術,速度,旋轉,長短,正反手,己方落點,對方落點,技術,速度,旋轉,長短,,,,,,,,,,,,,,,,,,,,,,,,,,,,,,,,,,,,,,,,,
1,1,陳夢(RSH),00:01,0,0,X,9,9,9,9,9,9,9,9,9,9,9,9,9,9,S,,,,,,,,,,,,,,,,,,,,,,,,,,,,,,,,,,,,,,,,,,,,,,,,,,,,,,,,,,,,,,,,,,,,,,,,,,,,,,,,,,,,,,,,,,,,,,,,,,,,,,,,,,,,,,,,,,,,,,,,,,,,,,,,,,,,,,,,,,,,,,,,,,,,,,,,,,,,,,,,,,,,,,
1,2,陳夢(RSH),00:02,0,10,X,F,3,5,1,1,2,2,F,5,2,8,1,2,2,B,2,3,1,2,1,A,B,3,2,2,2,1,A,B,2,3,2,2,1,8,B,3,2,2,2,1,A,B,2,3,2,2,1,A,B,3,2,2,2,1,8,F,2,2,2,2,1,8,F,2,1,2,1,1,7,S,,,,,,,,,,,,,,,,,,,,,,,,,,,,,,,,,,,,,,,,,,,,,,,,,,,,,,,,,,,,,,,,,,,,,,,,,,,,,,,,,,,,,,,,,,,,,,,,,,,,,,,,,,,,,,
1,3,孫穎莎(RSH),00:03,1,4,Y,F,3,2,1,1,2,2,B,2,3,1,2,1,A,B,3,2,2,2,1,8,B,2,0,2,2,1,O,S,,,,,,,,,,,,,,,,,,,,,,,,,,,,,,,,,,,,,,,,,,,,,,,,,,,,,,,,,,,,,,,,,,,,,,,,,,,,,,,,,,,,,,,,,,,,,,,,,,,,,,,,,,,,,,,,,,,,,,,,,,,,,,,,,,,,,,,,,,,,,,,,,,,,,,,,
1,4,孫穎莎(RSH),00:04,1,9,Y,F,3,5,1,1,2,2,B,5,4,8,1,2,1,F,4,1,1,1,1,7,F,1,3,2,1,1,A,B,3,1,B,1,1,7,F,1,3,3,3,1,A,B,3,3,6,2,1,A,F,3,3,3,3,1,A,B,3,1,6,3,1,7,S,,,,,,,,,,,,,,,,,,,,,,,,,,,,,,,,,,,,,,,,,,,,,,,,,,,,,,,,,,,,,,,,,,,,,,,,,,,,,,,,,,,,,,,,,,,,,,,,,,,,,,,,,,,,,,,,,,,,,
1,5,陳夢(RSH),01:04,1,6,X,F,3,3,1,3,1,A,B,3,2,1,2,1,A,B,2,2,2,1,1,8,B,2,3,1,2,1,A,B,3,3,1,3,1,8,B,3,0,1,2,1,O,S,,,,,,,,,,,,,,,,,,,,,,,,,,,,,,,,,,,,,,,,,,,,,,,,,,,,,,,,,,,,,,,,,,,,,,,,,,,,,,,,,,,,,,,,,,,,,,,,,,,,,,,,,,,,,,,,,,,,,,,,,,,,,,,,,,,,,,,,,,
1,6,陳夢(RSH),02:04,1,9,X,F,3,5,1,1,2,2,B,5,3,1,3,1,A,B,3,2,1,3,1,A,B,2,3,6,2,1,A,B,3,2,1,3,1,A,B,2,2,6,2,1,A,B,2,1,1,3,1,7,F,1,1,1,3,1,7,F,1,3,2,3,1,7,S,,,,,,,,,,,,,,,,,,,,,,,,,,,,,,,,,,,,,,,,,,,,,,,,,,,,,,,,,,,,,,,,,,,,,,,,,,,,,,,,,,,,,,,,,,,,,,,,,,,,,,,,,,,,,,,,,,,,,
1,7,孫穎莎(RSH),02:05,1,9,Y,F,3,2,1,2,2,8,B,2,2,1,2,1,8,B,2,2,2,2,1,8,B,2,3,2,2,1,A,B,3,1,2,2,1,7,F,1,2,2,3,1,7,F,2,2,2,3,1,8,F,2,3,2,3,1,A,B,3,1,2,3,1,7,S,,,,,,,,,,,,,,,,,,,,,,,,,,,,,,,,,,,,,,,,,,,,,,,,,,,,,,,,,,,,,,,,,,,,,,,,,,,,,,,,,,,,,,,,,,,,,,,,,,,,,,,,,,,,,,,,,,,,,
1,8,孫穎莎(RSH),02:06,1,2,Y,F,3,5,1,1,2,5,B,5,0,1,2,1,O,S,,,,,,,,,,,,,,,,,,,,,,,,,,,,,,,,,,,,,,,,,,,,,,,,,,,,,,,,,,,,,,,,,,,,,,,,,,,,,,,,,,,,,,,,,,,,,,,,,,,,,,,,,,,,,,,,,,,,,,,,,,,,,,,,,,,,,,,,,,,,,,,,,,,,,,,,,,,,,,,,,,,,,,
1,9,陳夢(RSH),03:06,1,4,X,F,3,4,1,1,2,1,F,4,5,A,1,2,5,F,5,1,1,2,1,7,F,1,0,B,2,1,O,S,,,,,,,,,,,,,,,,,,,,,,,,,,,,,,,,,,,,,,,,,,,,,,,,,,,,,,,,,,,,,,,,,,,,,,,,,,,,,,,,,,,,,,,,,,,,,,,,,,,,,,,,,,,,,,,,,,,,,,,,,,,,,,,,,,,,,,,,,,,,,,,,,,,,,,,,
1,10,陳夢(RSH),03:07,0,5,X,F,3,3,1,2,2,A,B,3,3,1,2,1,A,B,3,2,2,3,1,A,B,2,2,2,3,1,8,F,2,0,2,2,1,T,S,,,,,,,,,,,,,,,,,,,,,,,,,,,,,,,,,,,,,,,,,,,,,,,,,,,,,,,,,,,,,,,,,,,,,,,,,,,,,,,,,,,,,,,,,,,,,,,,,,,,,,,,,,,,,,,,,,,,,,,,,,,,,,,,,,,,,,,,,,,,,,,,,
1,11,孫穎莎(RSH),03:08,1,10,Y,F,3,2,1,2,2,8,B,2,3,1,2,1,A,B,3,2,2,3,1,8,B,2,3,2,3,1,A,B,3,2,2,2,1,8,B,2,1,2,2,1,7,F,1,1,2,2,1,7,F,1,2,2,3,1,8,F,2,1,2,2,1,7,F,1,0,2,3,1,O,S,,,,,,,,,,,,,,,,,,,,,,,,,,,,,,,,,,,,,,,,,,,,,,,,,,,,,,,,,,,,,,,,,,,,,,,,,,,,,,,,,,,,,,,,,,,,,,,,,,,,,,,,,,,,,,
1,12,孫穎莎(RSH),04:08,0,2,Y,F,3,5,1,1,2,2,F,5,5,A,1,3,5,S,,,,,,,,,,,,,,,,,,,,,,,,,,,,,,,,,,,,,,,,,,,,,,,,,,,,,,,,,,,,,,,,,,,,,,,,,,,,,,,,,,,,,,,,,,,,,,,,,,,,,,,,,,,,,,,,,,,,,,,,,,,,,,,,,,,,,,,,,,,,,,,,,,,,,,,,,,,,,,,,,,,,,,
1,13,陳夢(RSH),04:09,0,16,X,F,3,4,1,1,2,1,F,4,5,A,1,3,2,F,5,2,8,1,2,8,F,2,3,1,3,1,A,B,3,2,6,3,1,8,B,2,1,1,3,1,7,F,1,3,2,3,1,A,B,3,2,6,2,1,8,F,2,2,1,2,1,8,B,2,2,2,2,1,8,F,2,3,2,2,1,A,B,3,2,2,3,1,8,B,2,2,2,2,1,8,B,2,3,2,2,1,A,B,3,2,2,2,1,8,B,2,1,2,2,1,7,S,,,,,,,,,,,,,,,,,,,,,,,,,,,,,,,,,,,,,,,,,,,,,,,,,,,,,,,,,,,,,,,,,,,,
1,14,陳夢(RSH),04:10,0,5,X,F,3,4,1,1,2,1,F,4,5,A,1,3,2,F,5,2,8,1,2,8,F,2,1,1,3,1,7,F,1,0,2,2,1,O,S,,,,,,,,,,,,,,,,,,,,,,,,,,,,,,,,,,,,,,,,,,,,,,,,,,,,,,,,,,,,,,,,,,,,,,,,,,,,,,,,,,,,,,,,,,,,,,,,,,,,,,,,,,,,,,,,,,,,,,,,,,,,,,,,,,,,,,,,,,,,,,,,,
1,15,孫穎莎(RSH),04:11,1,5,Y,F,3,3,1,2,2,6,B,3,3,1,2,1,A,B,3,2,2,2,1,8,B,2,2,2,2,1,8,B,2,3,3,3,1,A,SG,,,,,,,,,,,,,,,,,,,,,,,,,,,,,,,,,,,,,,,,,,,,,,,,,,,,,,,,,,,,,,,,,,,,,,,,,,,,,,,,,,,,,,,,,,,,,,,,,,,,,,,,,,,,,,,,,,,,,,,,,,,,,,,,,,,,,,,,,,,,,,,,,
2,1,孫穎莎(RSH),1:0,0,5,Y,F,3,2,1,1,2,8,B,2,2,1,2,1,8,B,2,2,2,2,1,8,B,2,1,2,2,1,7,F,1,0,2,2,1,O,S,,,,,,,,,,,,,,,,,,,,,,,,,,,,,,,,,,,,,,,,,,,,,,,,,,,,,,,,,,,,,,,,,,,,,,,,,,,,,,,,,,,,,,,,,,,,,,,,,,,,,,,,,,,,,,,,,,,,,,,,,,,,,,,,,,,,,,,,,,,,,,,,,
2,2,孫穎莎(RSH),1:1,1,2,Y,F,3,2,1,1,2,8,B,2,0,1,2,1,O,S,,,,,,,,,,,,,,,,,,,,,,,,,,,,,,,,,,,,,,,,,,,,,,,,,,,,,,,,,,,,,,,,,,,,,,,,,,,,,,,,,,,,,,,,,,,,,,,,,,,,,,,,,,,,,,,,,,,,,,,,,,,,,,,,,,,,,,,,,,,,,,,,,,,,,,,,,,,,,,,,,,,,,,
2,3,陳夢(RSH),2:1,1,2,X,F,3,2,1,1,2,8,B,2,0,1,2,1,O,S,,,,,,,,,,,,,,,,,,,,,,,,,,,,,,,,,,,,,,,,,,,,,,,,,,,,,,,,,,,,,,,,,,,,,,,,,,,,,,,,,,,,,,,,,,,,,,,,,,,,,,,,,,,,,,,,,,,,,,,,,,,,,,,,,,,,,,,,,,,,,,,,,,,,,,,,,,,,,,,,,,,,,,
2,4,陳夢(RSH),2:2,0,3,X,F,3,5,1,1,2,5,B,5,5,8,1,2,5,F,5,0,1,2,1,O,S,,,,,,,,,,,,,,,,,,,,,,,,,,,,,,,,,,,,,,,,,,,,,,,,,,,,,,,,,,,,,,,,,,,,,,,,,,,,,,,,,,,,,,,,,,,,,,,,,,,,,,,,,,,,,,,,,,,,,,,,,,,,,,,,,,,,,,,,,,,,,,,,,,,,,,,,,,,,,,,
2,5,孫穎莎(RSH),2:3,1,4,Y,F,3,2,1,2,2,8,B,2,3,1,2,1,A,B,3,3,2,2,1,A,B,3,0,9,9,9,O,S,,,,,,,,,,,,,,,,,,,,,,,,,,,,,,,,,,,,,,,,,,,,,,,,,,,,,,,,,,,,,,,,,,,,,,,,,,,,,,,,,,,,,,,,,,,,,,,,,,,,,,,,,,,,,,,,,,,,,,,,,,,,,,,,,,,,,,,,,,,,,,,,,,,,,,,,
2,6,孫穎莎(RSH),3:3,0,11,Y,F,3,5,1,1,2,2,B,5,2,1,2,1,8,B,2,3,2,2,1,A,B,3,2,2,2,1,8,B,2,2,2,2,1,8,B,2,1,2,2,1,7,F,1,3,2,2,1,A,B,3,5,B,1,1,5,F,5,5,1,2,1,5,B,5,1,2,2,1,7,F,1,0,2,2,1,O,S,,,,,,,,,,,,,,,,,,,,,,,,,,,,,,,,,,,,,,,,,,,,,,,,,,,,,,,,,,,,,,,,,,,,,,,,,,,,,,,,,,,,,,,,,,,,,,,,,,,,,,,
2,7,陳夢(RSH),4:3,1,5,X,F,3,4,1,1,2,1,F,4,5,A,1,2,2,F,5,5,8,1,2,2,F,5,2,1,3,1,8,F,2,1,2,3,1,7,S,,,,,,,,,,,,,,,,,,,,,,,,,,,,,,,,,,,,,,,,,,,,,,,,,,,,,,,,,,,,,,,,,,,,,,,,,,,,,,,,,,,,,,,,,,,,,,,,,,,,,,,,,,,,,,,,,,,,,,,,,,,,,,,,,,,,,,,,,,,,,,,,,
2,8,陳夢(RSH),5:3,1,8,X,F,3,4,1,1,2,1,F,4,5,A,1,2,2,B,5,2,6,1,1,8,B,2,3,1,2,1,A,B,3,2,2,2,1,8,B,2,3,2,2,1,A,B,3,2,2,2,1,8,B,2,0,2,2,1,T,S,,,,,,,,,,,,,,,,,,,,,,,,,,,,,,,,,,,,,,,,,,,,,,,,,,,,,,,,,,,,,,,,,,,,,,,,,,,,,,,,,,,,,,,,,,,,,,,,,,,,,,,,,,,,,,,,,,,,,,,,,,,,
2,9,孫穎莎(RSH),6:3,0,3,Y,F,3,5,1,1,2,2,B,5,2,1,2,1,8,F,2,0,2,3,1,O,S,,,,,,,,,,,,,,,,,,,,,,,,,,,,,,,,,,,,,,,,,,,,,,,,,,,,,,,,,,,,,,,,,,,,,,,,,,,,,,,,,,,,,,,,,,,,,,,,,,,,,,,,,,,,,,,,,,,,,,,,,,,,,,,,,,,,,,,,,,,,,,,,,,,,,,,,,,,,,,,
2,10,孫穎莎(RSH),6:4,1,6,Y,F,3,5,1,1,2,2,F,5,5,A,1,2,2,F,5,5,8,1,2,2,F,5,2,8,1,2,8,F,2,1,1,2,1,7,F,1,0,2,2,1,O,S,,,,,,,,,,,,,,,,,,,,,,,,,,,,,,,,,,,,,,,,,,,,,,,,,,,,,,,,,,,,,,,,,,,,,,,,,,,,,,,,,,,,,,,,,,,,,,,,,,,,,,,,,,,,,,,,,,,,,,,,,,,,,,,,,,,,,,,,,,
2,11,陳夢(RSH),7:4,1,8,X,F,3,4,1,1,2,1,F,4,5,A,1,3,2,B,5,5,A,1,2,8,F,5,1,1,3,1,7,F,1,2,2,2,1,8,F,2,2,2,2,1,8,B,2,2,2,2,1,8,F,2,0,2,2,1,O,S,,,,,,,,,,,,,,,,,,,,,,,,,,,,,,,,,,,,,,,,,,,,,,,,,,,,,,,,,,,,,,,,,,,,,,,,,,,,,,,,,,,,,,,,,,,,,,,,,,,,,,,,,,,,,,,,,,,,,,,,,,,,
2,12,陳夢(RSH),8:4,1,5,X,F,3,4,1,1,2,1,F,4,2,A,1,2,8,B,2,2,1,2,1,A,B,2,2,2,2,1,8,B,2,2,2,2,1,8,S,,,,,,,,,,,,,,,,,,,,,,,,,,,,,,,,,,,,,,,,,,,,,,,,,,,,,,,,,,,,,,,,,,,,,,,,,,,,,,,,,,,,,,,,,,,,,,,,,,,,,,,,,,,,,,,,,,,,,,,,,,,,,,,,,,,,,,,,,,,,,,,,,
2,13,孫穎莎(RSH),9:4,0,7,Y,F,3,5,1,1,2,2,F,5,3,8,1,2,A,F,3,2,1,3,1,8,B,2,5,B,1,1,5,B,5,2,1,2,1,8,B,2,3,B,2,1,A,B,3,0,1,2,1,T,S,,,,,,,,,,,,,,,,,,,,,,,,,,,,,,,,,,,,,,,,,,,,,,,,,,,,,,,,,,,,,,,,,,,,,,,,,,,,,,,,,,,,,,,,,,,,,,,,,,,,,,,,,,,,,,,,,,,,,,,,,,,,,,,,,,,
2,14,孫穎莎(RSH),9:5,1,8,Y,F,3,4,1,2,2,1,F,4,2,A,1,2,5,B,2,3,1,2,1,A,B,3,2,2,2,1,8,B,2,2,2,2,1,8,B,2,1,2,2,1,7,F,1,5,2,2,1,7,F,5,0,2,2,1,T,S,,,,,,,,,,,,,,,,,,,,,,,,,,,,,,,,,,,,,,,,,,,,,,,,,,,,,,,,,,,,,,,,,,,,,,,,,,,,,,,,,,,,,,,,,,,,,,,,,,,,,,,,,,,,,,,,,,,,,,,,,,,,
2,15,陳夢(RSH),9:6,0,4,X,F,3,5,1,1,2,2,F,5,5,A,1,2,2,F,5,3,8,2,2,A,B,3,1,1,2,1,7,S,,,,,,,,,,,,,,,,,,,,,,,,,,,,,,,,,,,,,,,,,,,,,,,,,,,,,,,,,,,,,,,,,,,,,,,,,,,,,,,,,,,,,,,,,,,,,,,,,,,,,,,,,,,,,,,,,,,,,,,,,,,,,,,,,,,,,,,,,,,,,,,,,,,,,,,,
2,16,陳夢(RSH),10:6,1,10,X,F,3,2,1,1,2,2,F,2,2,1,2,1,8,F,2,2,2,3,1,8,F,2,2,5,2,1,8,B,2,2,1,2,1,8,F,2,1,2,2,1,7,F,1,2,2,2,1,8,B,2,1,2,2,1,7,F,1,3,2,3,1,A,B,3,0,B,9,9,O,S,,,,,,,,,,,,,,,,,,,,,,,,,,,,,,,,,,,,,,,,,,,,,,,,,,,,,,,,,,,,,,,,,,,,,,,,,,,,,,,,,,,,,,,,,,,,,,,,,,,,,,,,,,,,,,
2,17,孫穎莎(RSH),10:7,1,18,Y,F,3,2,1,1,2,8,B,2,3,1,2,1,A,B,3,2,2,2,1,8,B,2,2,2,2,1,8,B,2,3,2,3,1,A,B,3,2,2,3,1,8,B,2,2,2,2,1,8,B,2,2,2,2,1,8,B,2,3,2,2,1,A,B,3,3,2,2,1,A,B,3,3,2,2,1,A,B,3,2,2,2,1,8,B,2,3,2,2,1,A,B,3,3,2,2,1,A,B,3,2,2,2,1,A,B,2,2,2,2,1,8,F,2,1,2,2,1,7,F,1,0,2,2,1,O,S,,,,,,,,,,,,,,,,,,,,,,,,,,,,,,,,,,,,,,,,,,,,,,,,,,,,,,
2,18,孫穎莎(RSH),11:7,0,7,Y,F,3,5,1,1,2,2,F,5,2,8,2,2,8,B,2,2,1,2,1,8,B,2,1,2,2,1,7,F,1,1,2,3,1,7,F,1,4,2,3,1,7,SG,,,,,,,,,,,,,,,,,,,,,,,,,,,,,,,,,,,,,,,,,,,,,,,,,,,,,,,,,,,,,,,,,,,,,,,,,,,,,,,,,,,,,,,,,,,,,,,,,,,,,,,,,,,,,,,,,,,,,,,,,,,,,,,,,,,,,,,,,,
3,1,陳夢(RSH),1:0,1,2,X,F,3,4,1,1,2,1,F,4,0,A,1,2,T,S,,,,,,,,,,,,,,,,,,,,,,,,,,,,,,,,,,,,,,,,,,,,,,,,,,,,,,,,,,,,,,,,,,,,,,,,,,,,,,,,,,,,,,,,,,,,,,,,,,,,,,,,,,,,,,,,,,,,,,,,,,,,,,,,,,,,,,,,,,,,,,,,,,,,,,,,,,,,,,,,,,,,,,
3,2,陳夢(RSH),2:0,1,8,X,F,3,4,1,1,2,1,F,4,5,A,1,2,5,B,5,2,1,2,1,8,B,2,2,6,2,1,8,F,2,3,1,2,1,A,B,3,2,2,2,1,8,B,2,3,2,2,1,A,B,3,0,2,2,1,O,S,,,,,,,,,,,,,,,,,,,,,,,,,,,,,,,,,,,,,,,,,,,,,,,,,,,,,,,,,,,,,,,,,,,,,,,,,,,,,,,,,,,,,,,,,,,,,,,,,,,,,,,,,,,,,,,,,,,,,,,,,,,,
3,3,孫穎莎(RSH),3:0,0,11,Y,F,3,5,1,1,2,6,B,5,2,1,2,1,8,B,2,2,2,3,1,8,B,2,1,B,2,1,7,F,1,2,1,2,1,A,B,2,2,2,2,1,8,F,2,3,2,2,1,A,B,3,2,2,2,1,8,B,2,2,2,2,1,8,B,2,1,2,2,1,7,F,1,0,2,2,1,T,S,,,,,,,,,,,,,,,,,,,,,,,,,,,,,,,,,,,,,,,,,,,,,,,,,,,,,,,,,,,,,,,,,,,,,,,,,,,,,,,,,,,,,,,,,,,,,,,,,,,,,,,
3,4,孫穎莎(RSH),3:1,1,4,Y,F,3,5,1,1,2,2,F,5,4,A,1,2,1,F,4,2,3,2,1,8,F,2,0,2,2,1,O,S,,,,,,,,,,,,,,,,,,,,,,,,,,,,,,,,,,,,,,,,,,,,,,,,,,,,,,,,,,,,,,,,,,,,,,,,,,,,,,,,,,,,,,,,,,,,,,,,,,,,,,,,,,,,,,,,,,,,,,,,,,,,,,,,,,,,,,,,,,,,,,,,,,,,,,,,
3,5,陳夢(RSH),3:2,0,5,X,F,3,5,1,1,2,2,F,5,5,A,1,2,2,B,5,2,1,2,1,8,B,2,2,2,2,1,8,B,2,0,2,2,1,T,S,,,,,,,,,,,,,,,,,,,,,,,,,,,,,,,,,,,,,,,,,,,,,,,,,,,,,,,,,,,,,,,,,,,,,,,,,,,,,,,,,,,,,,,,,,,,,,,,,,,,,,,,,,,,,,,,,,,,,,,,,,,,,,,,,,,,,,,,,,,,,,,,,
3,6,陳夢(RSH),3:3,0,9,X,F,2,4,1,1,2,1,F,4,5,A,1,2,2,B,5,3,8,1,2,A,B,3,2,8,1,2,8,B,2,3,1,2,1,A,B,3,2,6,2,1,8,B,2,2,1,2,1,8,F,2,1,2,2,1,7,F,1,0,2,2,1,O,S,,,,,,,,,,,,,,,,,,,,,,,,,,,,,,,,,,,,,,,,,,,,,,,,,,,,,,,,,,,,,,,,,,,,,,,,,,,,,,,,,,,,,,,,,,,,,,,,,,,,,,,,,,,,,,,,,,,,,
3,7,孫穎莎(RSH),4:3,0,3,Y,F,3,4,1,2,2,1,F,4,3,8,2,2,A,F,3,0,1,3,1,O,S,,,,,,,,,,,,,,,,,,,,,,,,,,,,,,,,,,,,,,,,,,,,,,,,,,,,,,,,,,,,,,,,,,,,,,,,,,,,,,,,,,,,,,,,,,,,,,,,,,,,,,,,,,,,,,,,,,,,,,,,,,,,,,,,,,,,,,,,,,,,,,,,,,,,,,,,,,,,,,,
3,8,孫穎莎(RSH),5:3,0,11,Y,F,3,5,1,1,2,5,B,5,2,1,2,1,8,B,2,2,2,2,1,8,B,2,1,2,2,1,7,F,1,1,2,2,1,7,F,1,3,2,2,1,A,B,3,2,2,2,1,8,F,2,3,2,2,1,A,B,3,2,2,2,1,8,F,2,2,2,3,1,8,F,2,0,5,2,1,O,S,,,,,,,,,,,,,,,,,,,,,,,,,,,,,,,,,,,,,,,,,,,,,,,,,,,,,,,,,,,,,,,,,,,,,,,,,,,,,,,,,,,,,,,,,,,,,,,,,,,,,,,
3,9,陳夢(RSH),6:3,1,18,X,F,3,5,1,1,2,2,F,5,5,A,1,2,2,F,5,3,8,1,2,A,F,3,3,1,2,1,A,B,3,2,2,2,1,8,B,2,1,2,2,1,7,F,1,2,2,2,1,8,B,2,2,2,2,1,8,F,2,1,3,3,1,7,F,1,1,1,3,1,7,F,1,2,2,3,1,8,B,2,1,2,2,1,7,F,1,3,2,3,1,A,B,3,3,2,2,1,A,B,3,2,2,2,1,8,B,2,2,2,2,1,8,F,2,1,2,3,1,7,F,1,0,2,2,1,O,S,,,,,,,,,,,,,,,,,,,,,,,,,,,,,,,,,,,,,,,,,,,,,,,,,,,,,,
3,10,陳夢(RSH),7:3,1,6,X,F,3,4,1,1,2,1,F,4,5,A,1,2,5,F,5,6,8,1,2,3,B,6,3,1,2,1,A,B,3,2,2,2,1,8,B,2,0,2,2,1,O,S,,,,,,,,,,,,,,,,,,,,,,,,,,,,,,,,,,,,,,,,,,,,,,,,,,,,,,,,,,,,,,,,,,,,,,,,,,,,,,,,,,,,,,,,,,,,,,,,,,,,,,,,,,,,,,,,,,,,,,,,,,,,,,,,,,,,,,,,,,
3,11,孫穎莎(RSH),8:3,0,9,Y,F,3,2,1,1,2,5,B,2,2,1,2,1,8,B,2,2,6,2,1,8,F,2,3,1,2,1,A,B,3,5,2,2,1,5,B,5,2,1,2,1,8,F,2,1,2,2,1,7,F,1,2,2,2,1,8,F,2,0,2,2,1,O,S,,,,,,,,,,,,,,,,,,,,,,,,,,,,,,,,,,,,,,,,,,,,,,,,,,,,,,,,,,,,,,,,,,,,,,,,,,,,,,,,,,,,,,,,,,,,,,,,,,,,,,,,,,,,,,,,,,,,,
3,12,孫穎莎(RSH),8:4,1,4,Y,F,3,5,1,2,2,2,B,5,2,1,2,1,A,B,2,2,2,2,1,8,B,2,0,2,2,1,T,S,,,,,,,,,,,,,,,,,,,,,,,,,,,,,,,,,,,,,,,,,,,,,,,,,,,,,,,,,,,,,,,,,,,,,,,,,,,,,,,,,,,,,,,,,,,,,,,,,,,,,,,,,,,,,,,,,,,,,,,,,,,,,,,,,,,,,,,,,,,,,,,,,,,,,,,,
3,13,陳夢(RSH),9:4,1,10,X,F,3,3,1,2,2,A,B,3,2,1,2,1,A,B,2,2,2,2,1,8,B,2,3,2,2,1,A,B,3,3,2,2,1,A,B,3,2,2,2,1,8,B,2,2,2,2,1,8,B,2,2,2,2,1,8,B,2,1,2,2,1,7,F,1,0,2,2,1,O,S,,,,,,,,,,,,,,,,,,,,,,,,,,,,,,,,,,,,,,,,,,,,,,,,,,,,,,,,,,,,,,,,,,,,,,,,,,,,,,,,,,,,,,,,,,,,,,,,,,,,,,,,,,,,,,
3,14,陳夢(RSH),10:4,1,12,X,F,3,3,1,2,2,7,B,3,5,1,2,1,8,B,5,3,2,2,1,A,B,3,1,2,2,1,7,F,1,3,2,2,1,A,B,3,2,2,2,1,8,F,2,3,2,2,1,A,B,3,2,2,2,1,8,B,2,3,2,2,1,A,B,3,2,2,2,1,8,F,2,1,2,3,1,7,F,1,0,2,2,1,O,S,,,,,,,,,,,,,,,,,,,,,,,,,,,,,,,,,,,,,,,,,,,,,,,,,,,,,,,,,,,,,,,,,,,,,,,,,,,,,,,,,,,,,,,,,,,,,,,,
3,15,孫穎莎(RSH),11:4,0,17,Y,F,3,6,1,1,2,3,B,6,4,8,2,2,1,F,4,4,A,2,2,1,F,4,2,3,3,1,8,F,2,5,B,2,1,5,F,5,1,3,3,1,7,F,1,1,C,2,1,7,F,1,2,3,3,1,8,B,2,2,C,2,1,8,F,2,3,3,3,1,A,B,3,1,C,2,1,7,F,1,6,3,3,1,A,B,6,3,C,2,1,A,F,3,5,3,3,1,8,B,5,2,C,2,1,8,F,2,3,3,3,1,A,B,3,0,C,2,1,O,SG,,,,,,,,,,,,,,,,,,,,,,,,,,,,,,,,,,,,,,,,,,,,,,,,,,,,,,,,,,,,,
4,1,孫穎莎(RSH),0:1,1,5,Y,F,3,4,1,1,2,1,B,4,2,8,1,2,8,F,2,2,1,3,1,8,F,2,3,5,2,1,A,F,3,2,1,3,1,8,S,,,,,,,,,,,,,,,,,,,,,,,,,,,,,,,,,,,,,,,,,,,,,,,,,,,,,,,,,,,,,,,,,,,,,,,,,,,,,,,,,,,,,,,,,,,,,,,,,,,,,,,,,,,,,,,,,,,,,,,,,,,,,,,,,,,,,,,,,,,,,,,,,
4,2,孫穎莎(RSH),0:2,1,6,Y,F,3,2,1,1,2,5,B,2,2,1,2,1,8,B,2,2,2,2,1,8,B,2,2,2,2,1,8,B,2,3,2,2,1,A,B,3,0,2,2,1,O,S,,,,,,,,,,,,,,,,,,,,,,,,,,,,,,,,,,,,,,,,,,,,,,,,,,,,,,,,,,,,,,,,,,,,,,,,,,,,,,,,,,,,,,,,,,,,,,,,,,,,,,,,,,,,,,,,,,,,,,,,,,,,,,,,,,,,,,,,,,
4,3,陳夢(RSH),1:2,1,12,X,F,3,5,1,1,2,2,F,5,2,A,1,2,8,B,2,3,1,2,1,A,B,3,2,B,2,1,8,B,2,2,1,2,1,8,F,2,2,2,2,1,8,B,2,2,2,2,1,8,F,2,1,2,2,1,7,F,1,2,2,2,1,8,B,2,2,2,2,1,8,F,2,3,2,2,1,A,B,3,0,3,3,1,T,S,,,,,,,,,,,,,,,,,,,,,,,,,,,,,,,,,,,,,,,,,,,,,,,,,,,,,,,,,,,,,,,,,,,,,,,,,,,,,,,,,,,,,,,,,,,,,,,,
4,4,陳夢(RSH),2:2,1,9,X,F,3,4,1,1,2,2,F,4,5,A,1,2,2,F,5,5,A,1,2,1,F,5,2,8,2,2,8,B,2,3,1,2,1,A,B,3,3,2,2,1,A,B,3,2,2,3,1,8,B,2,2,2,2,1,8,F,2,1,3,3,1,7,S,,,,,,,,,,,,,,,,,,,,,,,,,,,,,,,,,,,,,,,,,,,,,,,,,,,,,,,,,,,,,,,,,,,,,,,,,,,,,,,,,,,,,,,,,,,,,,,,,,,,,,,,,,,,,,,,,,,,,
4,5,孫穎莎(RSH),2:3,1,6,Y,F,3,5,1,1,2,2,B,5,5,4,2,1,5,B,5,2,1,2,1,8,B,2,3,2,3,1,A,B,3,2,2,2,1,8,B,2,0,2,2,1,T,S,,,,,,,,,,,,,,,,,,,,,,,,,,,,,,,,,,,,,,,,,,,,,,,,,,,,,,,,,,,,,,,,,,,,,,,,,,,,,,,,,,,,,,,,,,,,,,,,,,,,,,,,,,,,,,,,,,,,,,,,,,,,,,,,,,,,,,,,,,
4,6,孫穎莎(RSH),2:4,1,3,Y,F,3,2,1,1,2,8,B,2,3,1,2,1,A,B,3,3,2,2,1,A,S,,,,,,,,,,,,,,,,,,,,,,,,,,,,,,,,,,,,,,,,,,,,,,,,,,,,,,,,,,,,,,,,,,,,,,,,,,,,,,,,,,,,,,,,,,,,,,,,,,,,,,,,,,,,,,,,,,,,,,,,,,,,,,,,,,,,,,,,,,,,,,,,,,,,,,,,,,,,,,,
4,7,陳夢(RSH),3:4,1,4,X,F,3,4,1,1,2,1,F,4,2,A,2,2,8,B,2,2,1,2,1,8,B,2,0,6,2,1,T,S,,,,,,,,,,,,,,,,,,,,,,,,,,,,,,,,,,,,,,,,,,,,,,,,,,,,,,,,,,,,,,,,,,,,,,,,,,,,,,,,,,,,,,,,,,,,,,,,,,,,,,,,,,,,,,,,,,,,,,,,,,,,,,,,,,,,,,,,,,,,,,,,,,,,,,,,
4,8,陳夢(RSH),3:5,0,5,X,F,3,4,1,1,2,1,F,4,5,A,1,2,2,F,5,3,A,1,2,7,B,3,3,1,3,1,A,B,3,0,2,2,1,O,S,,,,,,,,,,,,,,,,,,,,,,,,,,,,,,,,,,,,,,,,,,,,,,,,,,,,,,,,,,,,,,,,,,,,,,,,,,,,,,,,,,,,,,,,,,,,,,,,,,,,,,,,,,,,,,,,,,,,,,,,,,,,,,,,,,,,,,,,,,,,,,,,,
4,9,孫穎莎(RSH),4:5,0,4,Y,F,3,2,1,1,2,8,B,2,2,1,2,1,8,F,2,2,2,2,1,8,B,2,1,2,2,1,7,S,,,,,,,,,,,,,,,,,,,,,,,,,,,,,,,,,,,,,,,,,,,,,,,,,,,,,,,,,,,,,,,,,,,,,,,,,,,,,,,,,,,,,,,,,,,,,,,,,,,,,,,,,,,,,,,,,,,,,,,,,,,,,,,,,,,,,,,,,,,,,,,,,,,,,,,,
4,10,孫穎莎(RSH),5:5,0,7,Y,F,3,6,1,1,2,6,B,6,3,1,2,1,A,B,3,2,2,2,1,8,B,2,1,2,2,1,7,F,1,2,5,2,1,8,F,2,3,1,2,1,A,B,3,0,2,2,1,O,S,,,,,,,,,,,,,,,,,,,,,,,,,,,,,,,,,,,,,,,,,,,,,,,,,,,,,,,,,,,,,,,,,,,,,,,,,,,,,,,,,,,,,,,,,,,,,,,,,,,,,,,,,,,,,,,,,,,,,,,,,,,,,,,,,,,
4,11,陳夢(RSH),5:6,0,15,X,F,3,5,1,1,2,5,F,5,3,1,2,1,A,B,3,2,2,2,1,8,B,2,2,2,2,1,8,B,2,3,2,2,1,A,B,3,2,2,2,1,8,B,2,2,2,2,1,8,B,2,3,2,2,1,A,B,3,2,5,2,1,8,B,2,3,1,2,1,A,B,3,3,2,2,1,A,B,3,2,2,2,1,8,F,2,3,2,2,1,A,B,3,2,2,2,1,8,F,2,0,2,2,1,O,S,,,,,,,,,,,,,,,,,,,,,,,,,,,,,,,,,,,,,,,,,,,,,,,,,,,,,,,,,,,,,,,,,,,,,,,,,,,
4,12,陳夢(RSH),5:7,0,9,X,F,3,5,1,2,2,2,B,5,5,8,1,2,2,F,5,3,8,2,2,A,B,3,3,1,2,1,A,B,3,2,2,2,1,8,B,2,2,2,2,1,8,F,2,2,2,2,1,8,B,2,3,2,2,1,A,B,3,0,2,2,1,O,S,,,,,,,,,,,,,,,,,,,,,,,,,,,,,,,,,,,,,,,,,,,,,,,,,,,,,,,,,,,,,,,,,,,,,,,,,,,,,,,,,,,,,,,,,,,,,,,,,,,,,,,,,,,,,,,,,,,,,
4,13,孫穎莎(RSH),5:8,1,4,Y,F,3,5,1,1,2,2,F,5,2,8,2,2,8,B,2,2,1,2,1,8,B,2,0,2,2,1,O,S,,,,,,,,,,,,,,,,,,,,,,,,,,,,,,,,,,,,,,,,,,,,,,,,,,,,,,,,,,,,,,,,,,,,,,,,,,,,,,,,,,,,,,,,,,,,,,,,,,,,,,,,,,,,,,,,,,,,,,,,,,,,,,,,,,,,,,,,,,,,,,,,,,,,,,,,
4,14,孫穎莎(RSH),5:9,1,7,Y,F,3,4,1,1,2,1,F,4,5,8,1,2,5,F,5,1,1,3,1,7,F,1,2,2,2,1,7,F,2,1,2,2,1,7,F,1,2,2,2,1,7,F,2,1,2,2,1,7,S,,,,,,,,,,,,,,,,,,,,,,,,,,,,,,,,,,,,,,,,,,,,,,,,,,,,,,,,,,,,,,,,,,,,,,,,,,,,,,,,,,,,,,,,,,,,,,,,,,,,,,,,,,,,,,,,,,,,,,,,,,,,,,,,,,,
4,15,陳夢(RSH),05:10,0,5,X,F,2,2,1,1,2,8,B,2,3,1,2,1,A,B,3,1,2,2,1,7,F,1,2,2,2,1,7,F,2,0,2,2,1,O,S,,,,,,,,,,,,,,,,,,,,,,,,,,,,,,,,,,,,,,,,,,,,,,,,,,,,,,,,,,,,,,,,,,,,,,,,,,,,,,,,,,,,,,,,,,,,,,,,,,,,,,,,,,,,,,,,,,,,,,,,,,,,,,,,,,,,,,,,,,,,,,,,,
4,16,陳夢(RSH),06:10,1,4,X,F,2,4,1,1,2,1,F,4,2,A,1,2,5,F,2,2,1,2,1,8,B,2,0,B,1,1,T,S,,,,,,,,,,,,,,,,,,,,,,,,,,,,,,,,,,,,,,,,,,,,,,,,,,,,,,,,,,,,,,,,,,,,,,,,,,,,,,,,,,,,,,,,,,,,,,,,,,,,,,,,,,,,,,,,,,,,,,,,,,,,,,,,,,,,,,,,,,,,,,,,,,,,,,,,
4,17,孫穎莎(RSH),07:10,0,4,Y,F,3,4,1,1,2,1,F,4,2,8,2,2,8,B,2,2,1,2,1,8,F,2,1,2,3,1,7,S,,,,,,,,,,,,,,,,,,,,,,,,,,,,,,,,,,,,,,,,,,,,,,,,,,,,,,,,,,,,,,,,,,,,,,,,,,,,,,,,,,,,,,,,,,,,,,,,,,,,,,,,,,,,,,,,,,,,,,,,,,,,,,,,,,,,,,,,,,,,,,,,,,,,,,,,
4,18,孫穎莎(RSH),08:10,0,3,Y,F,3,2,1,2,2,8,F,2,3,1,2,1,A,B,3,0,2,2,1,O,S,,,,,,,,,,,,,,,,,,,,,,,,,,,,,,,,,,,,,,,,,,,,,,,,,,,,,,,,,,,,,,,,,,,,,,,,,,,,,,,,,,,,,,,,,,,,,,,,,,,,,,,,,,,,,,,,,,,,,,,,,,,,,,,,,,,,,,,,,,,,,,,,,,,,,,,,,,,,,,,
4,19,陳夢(RSH),09:10,1,2,X,F,3,5,1,1,2,2,F,5,0,8,2,2,O,S,,,,,,,,,,,,,,,,,,,,,,,,,,,,,,,,,,,,,,,,,,,,,,,,,,,,,,,,,,,,,,,,,,,,,,,,,,,,,,,,,,,,,,,,,,,,,,,,,,,,,,,,,,,,,,,,,,,,,,,,,,,,,,,,,,,,,,,,,,,,,,,,,,,,,,,,,,,,,,,,,,,,,,
4,20,陳夢(RSH),09:11,0,3,X,F,3,4,1,1,2,1,F,4,2,8,2,2,8,B,2,0,1,2,1,O,SG,,,,,,,,,,,,,,,,,,,,,,,,,,,,,,,,,,,,,,,,,,,,,,,,,,,,,,,,,,,,,,,,,,,,,,,,,,,,,,,,,,,,,,,,,,,,,,,,,,,,,,,,,,,,,,,,,,,,,,,,,,,,,,,,,,,,,,,,,,,,,,,,,,,,,,,,,,,,,,,
5,1,陳夢(RSH),0:1,0,3,X,F,3,5,1,1,2,5,F,5,2,1,2,1,8,B,2,0,2,2,1,T,S,,,,,,,,,,,,,,,,,,,,,,,,,,,,,,,,,,,,,,,,,,,,,,,,,,,,,,,,,,,,,,,,,,,,,,,,,,,,,,,,,,,,,,,,,,,,,,,,,,,,,,,,,,,,,,,,,,,,,,,,,,,,,,,,,,,,,,,,,,,,,,,,,,,,,,,,,,,,,,,
5,2,陳夢(RSH),1:1,1,4,X,F,3,5,1,1,2,2,F,5,2,A,1,2,5,B,2,1,1,2,1,7,F,1,0,2,2,1,O,S,,,,,,,,,,,,,,,,,,,,,,,,,,,,,,,,,,,,,,,,,,,,,,,,,,,,,,,,,,,,,,,,,,,,,,,,,,,,,,,,,,,,,,,,,,,,,,,,,,,,,,,,,,,,,,,,,,,,,,,,,,,,,,,,,,,,,,,,,,,,,,,,,,,,,,,,
5,3,孫穎莎(RSH),2:1,0,5,Y,F,3,5,1,1,2,2,B,5,2,8,1,2,8,B,2,2,1,2,1,8,B,2,3,5,2,1,A,B,3,0,1,2,1,T,S,,,,,,,,,,,,,,,,,,,,,,,,,,,,,,,,,,,,,,,,,,,,,,,,,,,,,,,,,,,,,,,,,,,,,,,,,,,,,,,,,,,,,,,,,,,,,,,,,,,,,,,,,,,,,,,,,,,,,,,,,,,,,,,,,,,,,,,,,,,,,,,,,
5,4,孫穎莎(RSH),3:1,0,23,Y,F,3,5,1,2,2,2,F,5,4,A,1,2,4,F,4,2,1,3,1,8,B,2,2,B,2,1,8,B,2,3,1,2,1,A,B,3,3,2,2,1,A,B,3,2,2,2,1,8,B,2,3,2,2,1,A,B,3,2,2,2,1,8,B,2,3,2,2,1,A,B,3,2,2,2,1,8,B,2,2,2,2,1,8,B,2,2,2,2,1,8,B,2,2,2,2,1,8,B,2,2,2,2,1,8,F,2,3,2,2,1,A,B,3,3,B,2,1,A,B,3,2,1,2,1,8,F,2,1,2,2,1,7,F,1,2,2,2,1,8,B,2,3,2,2,1,8,B,3,3,2,2,1,A,B,3,0,2,2,1,T,S,,,,,,,,,,,,,,,,,,,
5,5,陳夢(RSH),3:2,0,5,X,F,3,3,1,1,2,A,B,3,2,8,1,2,5,F,2,2,1,2,1,8,F,2,1,2,3,1,7,F,1,0,B,1,1,O,S,,,,,,,,,,,,,,,,,,,,,,,,,,,,,,,,,,,,,,,,,,,,,,,,,,,,,,,,,,,,,,,,,,,,,,,,,,,,,,,,,,,,,,,,,,,,,,,,,,,,,,,,,,,,,,,,,,,,,,,,,,,,,,,,,,,,,,,,,,,,,,,,,
5,6,陳夢(RSH),3:3,0,5,X,F,3,5,1,1,2,2,B,5,3,1,2,1,A,B,3,2,2,2,1,8,B,2,2,2,2,1,8,B,2,0,2,2,1,O,S,,,,,,,,,,,,,,,,,,,,,,,,,,,,,,,,,,,,,,,,,,,,,,,,,,,,,,,,,,,,,,,,,,,,,,,,,,,,,,,,,,,,,,,,,,,,,,,,,,,,,,,,,,,,,,,,,,,,,,,,,,,,,,,,,,,,,,,,,,,,,,,,,
5,7,孫穎莎(RSH),3:4,1,6,Y,F,3,4,1,1,2,4,F,4,3,1,2,1,A,B,3,2,2,2,1,8,B,2,3,2,2,1,A,B,3,2,2,2,1,8,F,2,0,2,3,1,T,S,,,,,,,,,,,,,,,,,,,,,,,,,,,,,,,,,,,,,,,,,,,,,,,,,,,,,,,,,,,,,,,,,,,,,,,,,,,,,,,,,,,,,,,,,,,,,,,,,,,,,,,,,,,,,,,,,,,,,,,,,,,,,,,,,,,,,,,,,,
5,8,孫穎莎(RSH),3:5,1,6,Y,F,3,2,1,2,2,8,B,2,3,1,2,1,A,B,3,2,2,2,1,8,B,2,4,2,2,1,2,B,4,3,8,2,2,A,B,3,0,1,2,1,O,S,,,,,,,,,,,,,,,,,,,,,,,,,,,,,,,,,,,,,,,,,,,,,,,,,,,,,,,,,,,,,,,,,,,,,,,,,,,,,,,,,,,,,,,,,,,,,,,,,,,,,,,,,,,,,,,,,,,,,,,,,,,,,,,,,,,,,,,,,,
5,9,陳夢(RSH),4:5,1,4,X,F,3,5,1,1,2,2,F,5,4,A,1,2,4,F,4,6,1,2,1,6,F,6,0,2,2,1,O,S,,,,,,,,,,,,,,,,,,,,,,,,,,,,,,,,,,,,,,,,,,,,,,,,,,,,,,,,,,,,,,,,,,,,,,,,,,,,,,,,,,,,,,,,,,,,,,,,,,,,,,,,,,,,,,,,,,,,,,,,,,,,,,,,,,,,,,,,,,,,,,,,,,,,,,,,
5,10,陳夢(RSH),5:5,1,10,X,F,3,5,1,1,2,2,F,5,2,8,1,2,5,B,2,2,1,2,1,8,B,2,2,2,2,1,8,F,2,3,2,2,1,A,B,3,3,2,2,1,A,B,3,2,2,2,1,8,F,2,1,2,2,1,7,F,1,2,2,2,1,8,B,2,0,2,2,1,T,S,,,,,,,,,,,,,,,,,,,,,,,,,,,,,,,,,,,,,,,,,,,,,,,,,,,,,,,,,,,,,,,,,,,,,,,,,,,,,,,,,,,,,,,,,,,,,,,,,,,,,,,,,,,,,,
5,11,孫穎莎(RSH),6:5,0,11,Y,F,3,5,1,2,2,2,B,5,2,1,2,1,8,B,2,2,2,2,1,8,B,2,1,2,2,1,7,F,1,2,2,2,1,8,B,2,2,2,2,1,8,B,2,3,2,2,1,A,B,3,1,2,2,1,7,F,1,2,2,2,1,8,F,2,2,2,3,1,8,F,2,0,5,2,1,T,S,,,,,,,,,,,,,,,,,,,,,,,,,,,,,,,,,,,,,,,,,,,,,,,,,,,,,,,,,,,,,,,,,,,,,,,,,,,,,,,,,,,,,,,,,,,,,,,,,,,,,,,
5,12,孫穎莎(RSH),6:6,1,8,Y,F,3,5,1,1,2,2,B,5,2,1,2,1,8,B,2,2,2,2,1,8,B,2,2,2,2,1,8,F,2,2,2,3,1,8,F,2,3,2,2,1,A,B,3,3,3,3,1,A,B,3,0,B,9,9,O,S,,,,,,,,,,,,,,,,,,,,,,,,,,,,,,,,,,,,,,,,,,,,,,,,,,,,,,,,,,,,,,,,,,,,,,,,,,,,,,,,,,,,,,,,,,,,,,,,,,,,,,,,,,,,,,,,,,,,,,,,,,,,
5,13,陳夢(RSH),6:7,0,11,X,F,3,4,1,1,2,1,F,4,5,A,1,2,2,F,5,3,8,2,2,A,B,3,2,1,2,1,8,F,2,1,2,2,1,7,F,1,2,2,2,1,8,B,2,2,B,1,1,8,F,2,2,3,3,1,8,F,2,2,B,2,1,8,F,2,1,3,1,1,7,F,1,0,C,1,1,O,S,,,,,,,,,,,,,,,,,,,,,,,,,,,,,,,,,,,,,,,,,,,,,,,,,,,,,,,,,,,,,,,,,,,,,,,,,,,,,,,,,,,,,,,,,,,,,,,,,,,,,,,
5,14,陳夢(RSH),7:7,1,8,X,F,3,5,1,1,2,2,B,5,5,8,1,2,5,B,5,2,1,2,1,8,F,2,2,2,2,1,8,B,2,3,2,2,1,A,B,3,2,2,2,1,8,B,2,2,2,2,1,8,F,2,0,2,2,1,O,S,,,,,,,,,,,,,,,,,,,,,,,,,,,,,,,,,,,,,,,,,,,,,,,,,,,,,,,,,,,,,,,,,,,,,,,,,,,,,,,,,,,,,,,,,,,,,,,,,,,,,,,,,,,,,,,,,,,,,,,,,,,,
5,15,孫穎莎(RSH),7:8,1,5,Y,F,3,2,1,1,2,8,B,2,2,1,2,1,8,B,2,3,2,2,1,A,B,3,0,2,2,1,T,S,,,,,,,,,,,,,,,,,,,,,,,,,,,,,,,,,,,,,,,,,,,,,,,,,,,,,,,,,,,,,,,,,,,,,,,,,,,,,,,,,,,,,,,,,,,,,,,,,,,,,,,,,,,,,,,,,,,,,,,,,,,,,,,,,,,,,,,,,,,,,,,,,,,,,,,,
5,16,孫穎莎(RSH),7:9,1,4,Y,F,3,5,1,1,2,5,B,5,3,1,2,1,A,B,3,2,2,3,1,8,B,2,0,2,2,1,T,S,,,,,,,,,,,,,,,,,,,,,,,,,,,,,,,,,,,,,,,,,,,,,,,,,,,,,,,,,,,,,,,,,,,,,,,,,,,,,,,,,,,,,,,,,,,,,,,,,,,,,,,,,,,,,,,,,,,,,,,,,,,,,,,,,,,,,,,,,,,,,,,,,,,,,,,,
5,17,陳夢(RSH),8:9,1,2,X,F,3,2,1,2,2,8,F,2,0,1,2,1,T,S,,,,,,,,,,,,,,,,,,,,,,,,,,,,,,,,,,,,,,,,,,,,,,,,,,,,,,,,,,,,,,,,,,,,,,,,,,,,,,,,,,,,,,,,,,,,,,,,,,,,,,,,,,,,,,,,,,,,,,,,,,,,,,,,,,,,,,,,,,,,,,,,,,,,,,,,,,,,,,,,,,,,,,
5,18,陳夢(RSH),9:9,1,4,X,F,3,3,1,1,2,A,B,3,2,1,2,1,8,B,2,3,2,2,1,A,B,3,0,2,2,1,T,S,,,,,,,,,,,,,,,,,,,,,,,,,,,,,,,,,,,,,,,,,,,,,,,,,,,,,,,,,,,,,,,,,,,,,,,,,,,,,,,,,,,,,,,,,,,,,,,,,,,,,,,,,,,,,,,,,,,,,,,,,,,,,,,,,,,,,,,,,,,,,,,,,,,,,,,,
5,19,孫穎莎(RSH),10:9,0,9,Y,F,3,5,1,1,2,5,B,5,2,1,2,1,8,B,2,2,2,2,1,8,F,2,2,2,2,1,8,F,2,2,2,2,1,8,B,2,2,2,2,1,8,B,2,3,2,3,1,A,B,3,2,2,2,1,8,F,2,0,2,2,1,T,S,,,,,,,,,,,,,,,,,,,,,,,,,,,,,,,,,,,,,,,,,,,,,,,,,,,,,,,,,,,,,,,,,,,,,,,,,,,,,,,,,,,,,,,,,,,,,,,,,,,,,,,,,,,,,,,,,,,,,
5,20,孫穎莎(RSH),11:9,0,5,Y,F,3,5,1,1,2,2,F,5,3,8,1,2,A,B,3,2,1,2,1,8,B,2,3,2,2,1,A,B,3,0,2,2,1,O,SG,,,,,,,,,,,,,,,,,,,,,,,,,,,,,,,,,,,,,,,,,,,,,,,,,,,,,,,,,,,,,,,,,,,,,,,,,,,,,,,,,,,,,,,,,,,,,,,,,,,,,,,,,,,,,,,,,,,,,,,,,,,,,,,,,,,,,,,,,,,,,,,,,
6,1,孫穎莎(RSH),0:1,1,8,Y,F,3,4,1,2,2,1,F,4,1,8,1,2,7,F,1,1,1,3,1,7,F,1,2,5,2,1,8,F,2,2,1,3,1,8,B,2,1,2,2,1,7,F,1,5,2,3,1,7,F,5,0,2,2,1,O,S,,,,,,,,,,,,,,,,,,,,,,,,,,,,,,,,,,,,,,,,,,,,,,,,,,,,,,,,,,,,,,,,,,,,,,,,,,,,,,,,,,,,,,,,,,,,,,,,,,,,,,,,,,,,,,,,,,,,,,,,,,,,
6,2,孫穎莎(RSH),0:2,1,2,Y,F,3,5,1,1,2,2,B,5,0,1,1,1,O,S,,,,,,,,,,,,,,,,,,,,,,,,,,,,,,,,,,,,,,,,,,,,,,,,,,,,,,,,,,,,,,,,,,,,,,,,,,,,,,,,,,,,,,,,,,,,,,,,,,,,,,,,,,,,,,,,,,,,,,,,,,,,,,,,,,,,,,,,,,,,,,,,,,,,,,,,,,,,,,,,,,,,,,
6,3,陳夢(RSH),0:3,0,3,X,F,3,5,1,1,2,2,B,5,3,1,2,1,A,B,3,0,2,2,1,O,S,,,,,,,,,,,,,,,,,,,,,,,,,,,,,,,,,,,,,,,,,,,,,,,,,,,,,,,,,,,,,,,,,,,,,,,,,,,,,,,,,,,,,,,,,,,,,,,,,,,,,,,,,,,,,,,,,,,,,,,,,,,,,,,,,,,,,,,,,,,,,,,,,,,,,,,,,,,,,,,
6,4,陳夢(RSH),1:3,1,2,X,F,3,5,1,1,2,2,F,5,0,A,1,2,T,S,,,,,,,,,,,,,,,,,,,,,,,,,,,,,,,,,,,,,,,,,,,,,,,,,,,,,,,,,,,,,,,,,,,,,,,,,,,,,,,,,,,,,,,,,,,,,,,,,,,,,,,,,,,,,,,,,,,,,,,,,,,,,,,,,,,,,,,,,,,,,,,,,,,,,,,,,,,,,,,,,,,,,,
6,5,孫穎莎(RSH),2:3,0,9,Y,F,3,2,1,2,2,8,B,2,2,1,2,1,8,B,2,2,2,2,1,8,B,2,2,2,2,1,8,B,2,2,2,2,1,8,B,2,3,2,2,1,A,B,3,2,2,2,1,8,B,2,2,2,2,1,8,B,2,0,2,2,1,O,S,,,,,,,,,,,,,,,,,,,,,,,,,,,,,,,,,,,,,,,,,,,,,,,,,,,,,,,,,,,,,,,,,,,,,,,,,,,,,,,,,,,,,,,,,,,,,,,,,,,,,,,,,,,,,,,,,,,,,
6,6,孫穎莎(RSH),2:4,1,4,Y,F,3,5,1,1,2,2,F,5,4,A,1,2,4,F,4,1,1,2,1,7,F,1,0,5,2,1,T,S,,,,,,,,,,,,,,,,,,,,,,,,,,,,,,,,,,,,,,,,,,,,,,,,,,,,,,,,,,,,,,,,,,,,,,,,,,,,,,,,,,,,,,,,,,,,,,,,,,,,,,,,,,,,,,,,,,,,,,,,,,,,,,,,,,,,,,,,,,,,,,,,,,,,,,,,
6,7,陳夢(RSH),3:4,1,16,X,F,3,4,1,2,2,1,F,4,5,A,1,2,2,F,5,5,A,1,2,2,F,5,2,8,1,2,8,B,2,1,1,2,1,7,F,1,1,2,3,1,7,F,1,3,2,2,1,A,B,3,2,5,2,1,8,B,2,3,1,2,1,A,B,3,2,2,2,1,8,B,2,2,2,2,1,8,B,2,2,2,2,1,8,B,2,1,2,2,1,7,F,1,2,2,2,1,7,F,2,2,2,3,1,8,F,2,0,5,2,1,O,S,,,,,,,,,,,,,,,,,,,,,,,,,,,,,,,,,,,,,,,,,,,,,,,,,,,,,,,,,,,,,,,,,,,,
6,8,陳夢(RSH),4:4,1,2,X,F,3,3,1,2,2,A,B,3,0,1,2,1,O,S,,,,,,,,,,,,,,,,,,,,,,,,,,,,,,,,,,,,,,,,,,,,,,,,,,,,,,,,,,,,,,,,,,,,,,,,,,,,,,,,,,,,,,,,,,,,,,,,,,,,,,,,,,,,,,,,,,,,,,,,,,,,,,,,,,,,,,,,,,,,,,,,,,,,,,,,,,,,,,,,,,,,,,
6,9,孫穎莎(RSH),4:5,1,2,Y,F,3,2,1,2,2,8,B,2,0,1,2,1,O,S,,,,,,,,,,,,,,,,,,,,,,,,,,,,,,,,,,,,,,,,,,,,,,,,,,,,,,,,,,,,,,,,,,,,,,,,,,,,,,,,,,,,,,,,,,,,,,,,,,,,,,,,,,,,,,,,,,,,,,,,,,,,,,,,,,,,,,,,,,,,,,,,,,,,,,,,,,,,,,,,,,,,,,
6,10,孫穎莎(RSH),5:5,0,3,Y,F,3,5,1,1,2,2,B,5,2,1,2,1,8,B,2,0,2,2,1,T,S,,,,,,,,,,,,,,,,,,,,,,,,,,,,,,,,,,,,,,,,,,,,,,,,,,,,,,,,,,,,,,,,,,,,,,,,,,,,,,,,,,,,,,,,,,,,,,,,,,,,,,,,,,,,,,,,,,,,,,,,,,,,,,,,,,,,,,,,,,,,,,,,,,,,,,,,,,,,,,,
6,11,陳夢(RSH),6:5,1,8,X,F,3,5,1,1,2,2,F,5,5,A,1,2,2,B,5,2,8,1,1,8,F,2,3,1,3,1,A,B,3,2,5,2,1,8,B,2,2,1,2,1,8,B,2,3,2,2,1,A,B,3,0,2,2,1,O,S,,,,,,,,,,,,,,,,,,,,,,,,,,,,,,,,,,,,,,,,,,,,,,,,,,,,,,,,,,,,,,,,,,,,,,,,,,,,,,,,,,,,,,,,,,,,,,,,,,,,,,,,,,,,,,,,,,,,,,,,,,,,
6,12,陳夢(RSH),7:5,1,3,X,F,3,4,1,2,2,1,F,4,5,A,1,2,2,B,5,5,8,1,2,2,S,,,,,,,,,,,,,,,,,,,,,,,,,,,,,,,,,,,,,,,,,,,,,,,,,,,,,,,,,,,,,,,,,,,,,,,,,,,,,,,,,,,,,,,,,,,,,,,,,,,,,,,,,,,,,,,,,,,,,,,,,,,,,,,,,,,,,,,,,,,,,,,,,,,,,,,,,,,,,,,
6,13,孫穎莎(RSH),8:5,0,7,Y,F,3,5,1,1,2,2,B,5,2,1,2,1,8,B,2,2,2,2,1,8,B,2,3,2,2,1,A,B,3,3,3,3,1,A,B,3,2,5,2,1,8,F,2,0,1,3,1,O,S,,,,,,,,,,,,,,,,,,,,,,,,,,,,,,,,,,,,,,,,,,,,,,,,,,,,,,,,,,,,,,,,,,,,,,,,,,,,,,,,,,,,,,,,,,,,,,,,,,,,,,,,,,,,,,,,,,,,,,,,,,,,,,,,,,,
6,14,孫穎莎(RSH),9:5,0,8,Y,F,3,4,1,2,2,1,F,4,3,8,1,2,A,B,3,2,1,3,1,8,B,2,3,5,2,1,A,B,3,2,1,2,1,8,B,2,1,2,2,1,7,F,1,1,2,2,1,7,F,1,3,2,2,1,A,S,,,,,,,,,,,,,,,,,,,,,,,,,,,,,,,,,,,,,,,,,,,,,,,,,,,,,,,,,,,,,,,,,,,,,,,,,,,,,,,,,,,,,,,,,,,,,,,,,,,,,,,,,,,,,,,,,,,,,,,,,,,,
6,15,陳夢(RSH),9:6,0,5,X,F,3,5,1,1,2,2,F,5,5,A,1,2,2,F,5,2,A,1,2,8,F,2,1,1,2,1,7,F,1,0,1,2,1,T,S,,,,,,,,,,,,,,,,,,,,,,,,,,,,,,,,,,,,,,,,,,,,,,,,,,,,,,,,,,,,,,,,,,,,,,,,,,,,,,,,,,,,,,,,,,,,,,,,,,,,,,,,,,,,,,,,,,,,,,,,,,,,,,,,,,,,,,,,,,,,,,,,,
6,16,陳夢(RSH),10:6,1,4,X,F,3,3,1,2,2,A,B,3,3,1,2,1,A,B,3,2,2,2,1,8,B,2,0,2,2,1,T,S,,,,,,,,,,,,,,,,,,,,,,,,,,,,,,,,,,,,,,,,,,,,,,,,,,,,,,,,,,,,,,,,,,,,,,,,,,,,,,,,,,,,,,,,,,,,,,,,,,,,,,,,,,,,,,,,,,,,,,,,,,,,,,,,,,,,,,,,,,,,,,,,,,,,,,,,
6,17,孫穎莎(RSH),11:6,0,3,Y,F,3,5,1,1,2,2,B,5,2,4,2,1,8,B,2,0,1,2,1,T,S,,,,,,,,,,,,,,,,,,,,,,,,,,,,,,,,,,,,,,,,,,,,,,,,,,,,,,,,,,,,,,,,,,,,,,,,,,,,,,,,,,,,,,,,,,,,,,,,,,,,,,,,,,,,,,,,,,,,,,,,,,,,,,,,,,,,,,,,,,,,,,,,,,,,,,,,,,,,,,,
